{
    "modules": [
        {
            "module_index": 0,
            "tank_indices": [
                0,
                1,
                2,
                3
            ],
            "tank_transfers": [
                {
                    "from": 0,
                    "to": 1
                },
                {
                    "from": 0,
                    "to": 2
                },
                {
                    "from": 1,
                    "to": 3
                }
            ]
        }
    ],
    "pre_planning_horizon": {
        "first_year": 2021,
        "first_period": 0,
        "last_period": 23,
        "deploy_periods": [
            6,
            7,
            8,
            12,
            13,
            14,
            18,
            19,
            20
        ]
    },
    "planning_horizon": {
        "first_year": 2023,
        "first_period": 24,
        "last_ordinary_horizon_period": 71,
        "last_period": 85,
        "deploy_periods": [
            24,
            25,
            26,
            30,
            31,
            32,
            36,
            37,
            38,
            42,
            43,
            44,
            48,
            49,
            50,
            54,
            55,
            56,
            60,
            61,
            62,
            66,
            67,
            68,
            72,
            73,
            74
        ]
    },
    "production_cycles": [
        {
            "deploy_period": 20,
            "module": 0,
            "tank_cycles": [
                {
                    "tank": 0,
                    "start_period": 24,
                    "start_cause": "pre_planning_deploy",
                    "end_period": 34,
                    "end_cause": "harvest",
                    "period_biomasses": [
                        {
                            "period": 24,
                            "biomass": 40592.0
                        },
                        {
                            "period": 25,
                            "biomass": 52123.711641710855
                        },
                        {
                            "period": 26,
                            "biomass": 67424.8766534342
                        },
                        {
                            "period": 27,
                            "biomass": 87484.06988580535
                        },
                        {
                            "period": 28,
                            "biomass": 112498.83469401968
                        },
                        {
                            "period": 29,
                            "biomass": 97758.84101333986
                        },
                        {
                            "period": 30,
                            "biomass": 57728.22406490243
                        },
                        {
                            "period": 31,
                            "biomass": 70495.59510007156
                        },
                        {
                            "period": 32,
                            "biomass": 84554.3873836534
                        },
                        {
                            "period": 33,
                            "biomass": 98817.52518916824
                        },
                        {
                            "period": 34,
                            "biomass": 112500.0
                        }
                    ]
                },
                {
                    "tank": 1,
                    "start_period": 24,
                    "start_cause": "pre_planning_deploy",
                    "end_period": 26,
                    "end_cause": "post_smolt",
                    "period_biomasses": [
                        {
                            "period": 24,
                            "biomass": 67728.0
                        },
                        {
                            "period": 25,
                            "biomass": 86968.73132808911
                        },
                        {
                            "period": 26,
                            "biomass": 112498.81863381434
                        }
                    ]
                },
                {
                    "tank": 1,
                    "start_period": 29,
                    "start_cause": "transfer",
                    "transfer": {
                        "period": 28,
                        "from_tank": 0,
                        "biomass": 36257.73882833794
                    },
                    "end_period": 34,
                    "end_cause": "harvest",
                    "period_biomasses": [
                        {
                            "period": 29,
                            "biomass": 41296.3479742635
                        },
                        {
                            "period": 30,
                            "biomass": 51507.44075109371
                        },
                        {
                            "period": 31,
                            "biomass": 62899.00211979031
                        },
                        {
                            "period": 32,
                            "biomass": 75442.8214093704
                        },
                        {
                            "period": 33,
                            "biomass": 88168.96598323226
                        },
                        {
                            "period": 34,
                            "biomass": 100377.0197050117
                        }
                    ]
                },
                {
                    "tank": 2,
                    "start_period": 24,
                    "start_cause": "pre_planning_deploy",
                    "end_period": 26,
                    "end_cause": "post_smolt",
                    "period_biomasses": [
                        {
                            "period": 24,
                            "biomass": 67728.0
                        },
                        {
                            "period": 25,
                            "biomass": 86968.73132808911
                        },
                        {
                            "period": 26,
                            "biomass": 112498.81863381434
                        }
                    ]
                },
                {
                    "tank": 2,
                    "start_period": 30,
                    "start_cause": "transfer",
                    "transfer": {
                        "period": 29,
                        "from_tank": 0,
                        "biomass": 51474.94893567257
                    },
                    "end_period": 34,
                    "end_cause": "harvest",
                    "period_biomasses": [
                        {
                            "period": 30,
                            "biomass": 57728.22406490243
                        },
                        {
                            "period": 31,
                            "biomass": 70495.59510007156
                        },
                        {
                            "period": 32,
                            "biomass": 84554.3873836534
                        },
                        {
                            "period": 33,
                            "biomass": 98817.52518916824
                        },
                        {
                            "period": 34,
                            "biomass": 112500.0
                        }
                    ]
                },
                {
                    "tank": 3,
                    "start_period": 24,
                    "start_cause": "pre_planning_deploy",
                    "end_period": 26,
                    "end_cause": "post_smolt",
                    "period_biomasses": [
                        {
                            "period": 24,
                            "biomass": 67728.0
                        },
                        {
                            "period": 25,
                            "biomass": 86968.73132808911
                        },
                        {
                            "period": 26,
                            "biomass": 112498.81863381434
                        }
                    ]
                }
            ]
        },
        {
            "deploy_period": 36,
            "module": 0,
            "tank_cycles": [
                {
                    "tank": 0,
                    "start_period": 36,
                    "start_cause": "deploy",
                    "end_period": 42,
                    "end_cause": "post_smolt",
                    "period_biomasses": [
                        {
                            "period": 36,
                            "biomass": 11893.260300122416
                        },
                        {
                            "period": 37,
                            "biomass": 17187.651924199403
                        },
                        {
                            "period": 38,
                            "biomass": 25352.25518085406
                        },
                        {
                            "period": 39,
                            "biomass": 37684.644111522015
                        },
                        {
                            "period": 40,
                            "biomass": 55292.58720509089
                        },
                        {
                            "period": 41,
                            "biomass": 80602.90501150949
                        },
                        {
                            "period": 42,
                            "biomass": 112500.0
                        }
                    ]
                },
                {
                    "tank": 1,
                    "start_period": 36,
                    "start_cause": "deploy",
                    "end_period": 42,
                    "end_cause": "post_smolt",
                    "period_biomasses": [
                        {
                            "period": 36,
                            "biomass": 11893.260300122416
                        },
                        {
                            "period": 37,
                            "biomass": 17187.651924199403
                        },
                        {
                            "period": 38,
                            "biomass": 25352.25518085406
                        },
                        {
                            "period": 39,
                            "biomass": 37684.644111522015
                        },
                        {
                            "period": 40,
                            "biomass": 55292.58720509089
                        },
                        {
                            "period": 41,
                            "biomass": 80602.90501150949
                        },
                        {
                            "period": 42,
                            "biomass": 112500.0
                        }
                    ]
                },
                {
                    "tank": 2,
                    "start_period": 36,
                    "start_cause": "deploy",
                    "end_period": 42,
                    "end_cause": "post_smolt",
                    "period_biomasses": [
                        {
                            "period": 36,
                            "biomass": 11893.260300122418
                        },
                        {
                            "period": 37,
                            "biomass": 17187.651924199403
                        },
                        {
                            "period": 38,
                            "biomass": 25352.255180854063
                        },
                        {
                            "period": 39,
                            "biomass": 37684.64411152202
                        },
                        {
                            "period": 40,
                            "biomass": 55292.5872050909
                        },
                        {
                            "period": 41,
                            "biomass": 80602.9050115095
                        },
                        {
                            "period": 42,
                            "biomass": 112500.0
                        }
                    ]
                },
                {
                    "tank": 3,
                    "start_period": 36,
                    "start_cause": "deploy",
                    "end_period": 42,
                    "end_cause": "post_smolt",
                    "period_biomasses": [
                        {
                            "period": 36,
                            "biomass": 11893.260300122418
                        },
                        {
                            "period": 37,
                            "biomass": 17187.651924199403
                        },
                        {
                            "period": 38,
                            "biomass": 25352.255180854063
                        },
                        {
                            "period": 39,
                            "biomass": 37684.64411152202
                        },
                        {
                            "period": 40,
                            "biomass": 55292.5872050909
                        },
                        {
                            "period": 41,
                            "biomass": 80602.9050115095
                        },
                        {
                            "period": 42,
                            "biomass": 112500.0
                        }
                    ]
                }
            ]
        },
        {
            "deploy_period": 44,
            "module": 0,
            "tank_cycles": [
                {
                    "tank": 0,
                    "start_period": 44,
                    "start_cause": "deploy",
                    "end_period": 58,
                    "end_cause": "harvest",
                    "period_biomasses": [
                        {
                            "period": 44,
                            "biomass": 5730.374165427332
                        },
                        {
                            "period": 45,
                            "biomass": 9635.272256888558
                        },
                        {
                            "period": 46,
                            "biomass": 14830.769734253081
                        },
                        {
                            "period": 47,
                            "biomass": 20943.624311083313
                        },
                        {
                            "period": 48,
                            "biomass": 27509.427735825855
                        },
                        {
                            "period": 49,
                            "biomass": 35324.53386703463
                        },
                        {
                            "period": 50,
                            "biomass": 45694.21984367905
                        },
                        {
                            "period": 51,
                            "biomass": 59288.448427264026
                        },
                        {
                            "period": 52,
                            "biomass": 76241.09586568174
                        },
                        {
                            "period": 53,
                            "biomass": 97758.84101333987
                        },
                        {
                            "period": 54,
                            "biomass": 57728.22406490243
                        },
                        {
                            "period": 55,
                            "biomass": 70495.59510007156
                        },
                        {
                            "period": 56,
                            "biomass": 84554.3873836534
                        },
                        {
                            "period": 57,
                            "biomass": 98817.52518916824
                        },
                        {
                            "period": 58,
                            "biomass": 112500.0
                        }
                    ]
                },
                {
                    "tank": 1,
                    "start_period": 44,
                    "start_cause": "deploy",
                    "end_period": 58,
                    "end_cause": "harvest",
                    "period_biomasses": [
                        {
                            "period": 44,
                            "biomass": 5730.374165427332
                        },
                        {
                            "period": 45,
                            "biomass": 9635.272256888558
                        },
                        {
                            "period": 46,
                            "biomass": 14830.769734253081
                        },
                        {
                            "period": 47,
                            "biomass": 20943.624311083313
                        },
                        {
                            "period": 48,
                            "biomass": 27509.427735825855
                        },
                        {
                            "period": 49,
                            "biomass": 35324.53386703463
                        },
                        {
                            "period": 50,
                            "biomass": 45694.21984367905
                        },
                        {
                            "period": 51,
                            "biomass": 59288.448427264026
                        },
                        {
                            "period": 52,
                            "biomass": 76241.09586568174
                        },
                        {
                            "period": 53,
                            "biomass": 97758.84101333987
                        },
                        {
                            "period": 54,
                            "biomass": 57728.22406490243
                        },
                        {
                            "period": 55,
                            "biomass": 70495.59510007156
                        },
                        {
                            "period": 56,
                            "biomass": 84554.3873836534
                        },
                        {
                            "period": 57,
                            "biomass": 98817.52518916824
                        },
                        {
                            "period": 58,
                            "biomass": 112500.0
                        }
                    ]
                },
                {
                    "tank": 2,
                    "start_period": 44,
                    "start_cause": "deploy",
                    "end_period": 50,
                    "end_cause": "post_smolt",
                    "period_biomasses": [
                        {
                            "period": 44,
                            "biomass": 14108.285376487342
                        },
                        {
                            "period": 45,
                            "biomass": 23722.215470758496
                        },
                        {
                            "period": 46,
                            "biomass": 36513.62471689671
                        },
                        {
                            "period": 47,
                            "biomass": 51563.583819952306
                        },
                        {
                            "period": 48,
                            "biomass": 67728.71122141543
                        },
                        {
                            "period": 49,
                            "biomass": 86969.6445991763
                        },
                        {
                            "period": 50,
                            "biomass": 112500.0
                        }
                    ]
                },
                {
                    "tank": 2,
                    "start_period": 54,
                    "start_cause": "transfer",
                    "transfer": {
                        "period": 53,
                        "from_tank": 0,
                        "biomass": 51474.94893567257
                    },
                    "end_period": 58,
                    "end_cause": "harvest",
                    "period_biomasses": [
                        {
                            "period": 54,
                            "biomass": 57728.22406490243
                        },
                        {
                            "period": 55,
                            "biomass": 70495.59510007156
                        },
                        {
                            "period": 56,
                            "biomass": 84554.3873836534
                        },
                        {
                            "period": 57,
                            "biomass": 98817.52518916824
                        },
                        {
                            "period": 58,
                            "biomass": 112500.0
                        }
                    ]
                },
                {
                    "tank": 3,
                    "start_period": 44,
                    "start_cause": "deploy",
                    "end_period": 50,
                    "end_cause": "post_smolt",
                    "period_biomasses": [
                        {
                            "period": 44,
                            "biomass": 14108.285376487342
                        },
                        {
                            "period": 45,
                            "biomass": 23722.215470758496
                        },
                        {
                            "period": 46,
                            "biomass": 36513.62471689671
                        },
                        {
                            "period": 47,
                            "biomass": 51563.583819952306
                        },
                        {
                            "period": 48,
                            "biomass": 67728.71122141543
                        },
                        {
                            "period": 49,
                            "biomass": 86969.6445991763
                        },
                        {
                            "period": 50,
                            "biomass": 112500.0
                        }
                    ]
                },
                {
                    "tank": 3,
                    "start_period": 54,
                    "start_cause": "transfer",
                    "transfer": {
                        "period": 53,
                        "from_tank": 1,
                        "biomass": 51474.94893567257
                    },
                    "end_period": 58,
                    "end_cause": "harvest",
                    "period_biomasses": [
                        {
                            "period": 54,
                            "biomass": 57728.22406490243
                        },
                        {
                            "period": 55,
                            "biomass": 70495.59510007156
                        },
                        {
                            "period": 56,
                            "biomass": 84554.3873836534
                        },
                        {
                            "period": 57,
                            "biomass": 98817.52518916824
                        },
                        {
                            "period": 58,
                            "biomass": 112500.0
                        }
                    ]
                }
            ]
        },
        {
            "deploy_period": 60,
            "module": 0,
            "tank_cycles": [
                {
                    "tank": 0,
                    "start_period": 60,
                    "start_cause": "deploy",
                    "end_period": 66,
                    "end_cause": "post_smolt",
                    "period_biomasses": [
                        {
                            "period": 60,
                            "biomass": 11893.260300122416
                        },
                        {
                            "period": 61,
                            "biomass": 17187.651924199403
                        },
                        {
                            "period": 62,
                            "biomass": 25352.25518085406
                        },
                        {
                            "period": 63,
                            "biomass": 37684.644111522015
                        },
                        {
                            "period": 64,
                            "biomass": 55292.58720509089
                        },
                        {
                            "period": 65,
                            "biomass": 80602.90501150949
                        },
                        {
                            "period": 66,
                            "biomass": 112500.0
                        }
                    ]
                },
                {
                    "tank": 1,
                    "start_period": 60,
                    "start_cause": "deploy",
                    "end_period": 66,
                    "end_cause": "post_smolt",
                    "period_biomasses": [
                        {
                            "period": 60,
                            "biomass": 11893.260300122416
                        },
                        {
                            "period": 61,
                            "biomass": 17187.651924199403
                        },
                        {
                            "period": 62,
                            "biomass": 25352.25518085406
                        },
                        {
                            "period": 63,
                            "biomass": 37684.644111522015
                        },
                        {
                            "period": 64,
                            "biomass": 55292.58720509089
                        },
                        {
                            "period": 65,
                            "biomass": 80602.90501150949
                        },
                        {
                            "period": 66,
                            "biomass": 112500.0
                        }
                    ]
                },
                {
                    "tank": 2,
                    "start_period": 60,
                    "start_cause": "deploy",
                    "end_period": 66,
                    "end_cause": "post_smolt",
                    "period_biomasses": [
                        {
                            "period": 60,
                            "biomass": 11893.260300122418
                        },
                        {
                            "period": 61,
                            "biomass": 17187.651924199403
                        },
                        {
                            "period": 62,
                            "biomass": 25352.255180854063
                        },
                        {
                            "period": 63,
                            "biomass": 37684.64411152202
                        },
                        {
                            "period": 64,
                            "biomass": 55292.5872050909
                        },
                        {
                            "period": 65,
                            "biomass": 80602.9050115095
                        },
                        {
                            "period": 66,
                            "biomass": 112500.0
                        }
                    ]
                },
                {
                    "tank": 3,
                    "start_period": 60,
                    "start_cause": "deploy",
                    "end_period": 66,
                    "end_cause": "post_smolt",
                    "period_biomasses": [
                        {
                            "period": 60,
                            "biomass": 11893.260300122418
                        },
                        {
                            "period": 61,
                            "biomass": 17187.651924199403
                        },
                        {
                            "period": 62,
                            "biomass": 25352.255180854063
                        },
                        {
                            "period": 63,
                            "biomass": 37684.64411152202
                        },
                        {
                            "period": 64,
                            "biomass": 55292.5872050909
                        },
                        {
                            "period": 65,
                            "biomass": 80602.9050115095
                        },
                        {
                            "period": 66,
                            "biomass": 112500.0
                        }
                    ]
                }
            ]
        },
        {
            "deploy_period": 68,
            "module": 0,
            "tank_cycles": [
                {
                    "tank": 0,
                    "start_period": 68,
                    "start_cause": "deploy",
                    "end_period": 84,
                    "end_cause": "harvest",
                    "period_biomasses": [
                        {
                            "period": 68,
                            "biomass": 8455.641052680297
                        },
                        {
                            "period": 69,
                            "biomass": 14217.641169164875
                        },
                        {
                            "period": 70,
                            "biomass": 21884.02742780533
                        },
                        {
                            "period": 71,
                            "biomass": 30904.04996328942
                        },
                        {
                            "period": 72,
                            "biomass": 40592.43598824313
                        },
                        {
                            "period": 73,
                            "biomass": 52124.27148910601
                        },
                        {
                            "period": 74,
                            "biomass": 67425.58281136748
                        },
                        {
                            "period": 75,
                            "biomass": 87484.96261081859
                        },
                        {
                            "period": 76,
                            "biomass": 112499.98268043392
                        },
                        {
                            "period": 77,
                            "biomass": 80686.17800563066
                        },
                        {
                            "period": 78,
                            "biomass": 100636.95064869321
                        },
                        {
                            "period": 79,
                            "biomass": 58473.64973414409
                        },
                        {
                            "period": 80,
                            "biomass": 70134.93005255674
                        },
                        {
                            "period": 81,
                            "biomass": 81965.70789003125
                        },
                        {
                            "period": 82,
                            "biomass": 93314.84592410416
                        },
                        {
                            "period": 83,
                            "biomass": 103609.67739293189
                        },
                        {
                            "period": 84,
                            "biomass": 112500.0
                        }
                    ]
                },
                {
                    "tank": 1,
                    "start_period": 68,
                    "start_cause": "deploy",
                    "end_period": 74,
                    "end_cause": "post_smolt",
                    "period_biomasses": [
                        {
                            "period": 68,
                            "biomass": 14108.285376487342
                        },
                        {
                            "period": 69,
                            "biomass": 23722.215470758496
                        },
                        {
                            "period": 70,
                            "biomass": 36513.62471689671
                        },
                        {
                            "period": 71,
                            "biomass": 51563.583819952306
                        },
                        {
                            "period": 72,
                            "biomass": 67728.71122141543
                        },
                        {
                            "period": 73,
                            "biomass": 86969.6445991763
                        },
                        {
                            "period": 74,
                            "biomass": 112500.0
                        }
                    ]
                },
                {
                    "tank": 1,
                    "start_period": 77,
                    "start_cause": "transfer",
                    "transfer": {
                        "period": 76,
                        "from_tank": 0,
                        "biomass": 49573.67027286215
                    },
                    "end_period": 84,
                    "end_cause": "harvest",
                    "period_biomasses": [
                        {
                            "period": 77,
                            "biomass": 56462.747101854
                        },
                        {
                            "period": 78,
                            "biomass": 70423.94167167514
                        },
                        {
                            "period": 79,
                            "biomass": 58473.64973414409
                        },
                        {
                            "period": 80,
                            "biomass": 70134.93005255674
                        },
                        {
                            "period": 81,
                            "biomass": 81965.70789003125
                        },
                        {
                            "period": 82,
                            "biomass": 93314.84592410416
                        },
                        {
                            "period": 83,
                            "biomass": 103609.67739293189
                        },
                        {
                            "period": 84,
                            "biomass": 112500.0
                        }
                    ]
                },
                {
                    "tank": 2,
                    "start_period": 68,
                    "start_cause": "deploy",
                    "end_period": 74,
                    "end_cause": "post_smolt",
                    "period_biomasses": [
                        {
                            "period": 68,
                            "biomass": 14108.264523456148
                        },
                        {
                            "period": 69,
                            "biomass": 23722.180407667125
                        },
                        {
                            "period": 70,
                            "biomass": 36513.57074720905
                        },
                        {
                            "period": 71,
                            "biomass": 51563.50760537391
                        },
                        {
                            "period": 72,
                            "biomass": 67728.61111364966
                        },
                        {
                            "period": 73,
                            "biomass": 86969.51605196709
                        },
                        {
                            "period": 74,
                            "biomass": 112499.84967607124
                        }
                    ]
                },
                {
                    "tank": 2,
                    "start_period": 79,
                    "start_cause": "transfer",
                    "transfer": {
                        "period": 78,
                        "from_tank": 0,
                        "biomass": 52753.39212346181
                    },
                    "end_period": 84,
                    "end_cause": "harvest",
                    "period_biomasses": [
                        {
                            "period": 79,
                            "biomass": 58473.649734144
                        },
                        {
                            "period": 80,
                            "biomass": 70134.93005255664
                        },
                        {
                            "period": 81,
                            "biomass": 81965.70789003112
                        },
                        {
                            "period": 82,
                            "biomass": 93314.84592410401
                        },
                        {
                            "period": 83,
                            "biomass": 103609.67739293189
                        },
                        {
                            "period": 84,
                            "biomass": 112500.0
                        }
                    ]
                },
                {
                    "tank": 3,
                    "start_period": 68,
                    "start_cause": "deploy",
                    "end_period": 74,
                    "end_cause": "post_smolt",
                    "period_biomasses": [
                        {
                            "period": 68,
                            "biomass": 14108.285376487342
                        },
                        {
                            "period": 69,
                            "biomass": 23722.215470758496
                        },
                        {
                            "period": 70,
                            "biomass": 36513.62471689671
                        },
                        {
                            "period": 71,
                            "biomass": 51563.583819952306
                        },
                        {
                            "period": 72,
                            "biomass": 67728.71122141543
                        },
                        {
                            "period": 73,
                            "biomass": 86969.6445991763
                        },
                        {
                            "period": 74,
                            "biomass": 112500.0
                        }
                    ]
                },
                {
                    "tank": 3,
                    "start_period": 79,
                    "start_cause": "transfer",
                    "transfer": {
                        "period": 78,
                        "from_tank": 1,
                        "biomass": 22540.383146443746
                    },
                    "end_period": 84,
                    "end_cause": "harvest",
                    "period_biomasses": [
                        {
                            "period": 79,
                            "biomass": 24984.475351207253
                        },
                        {
                            "period": 80,
                            "biomass": 29967.078147570293
                        },
                        {
                            "period": 81,
                            "biomass": 35022.103421516746
                        },
                        {
                            "period": 82,
                            "biomass": 39871.334840436895
                        },
                        {
                            "period": 83,
                            "biomass": 44270.08477732637
                        },
                        {
                            "period": 84,
                            "biomass": 48068.71966757973
                        }
                    ]
                }
            ]
        }
    ]
}