{
    "modules": [
        {
            "module_index": 0,
            "tank_indices": [
                0,
                1,
                2,
                3
            ],
            "tank_transfers": [
                {
                    "from": 0,
                    "to": 1
                },
                {
                    "from": 0,
                    "to": 2
                },
                {
                    "from": 1,
                    "to": 3
                }
            ]
        }
    ],
    "pre_planning_horizon": {
        "first_year": 2021,
        "first_period": 0,
        "last_period": 23,
        "deploy_periods": [
            6,
            7,
            8,
            12,
            13,
            14,
            18,
            19,
            20
        ]
    },
    "planning_horizon": {
        "first_year": 2023,
        "first_period": 24,
        "last_ordinary_horizon_period": 71,
        "last_period": 85,
        "deploy_periods": [
            24,
            25,
            26,
            30,
            31,
            32,
            36,
            37,
            38,
            42,
            43,
            44,
            48,
            49,
            50,
            54,
            55,
            56,
            60,
            61,
            62,
            66,
            67,
            68,
            72,
            73,
            74
        ]
    },
    "production_cycles": [
        {
            "deploy_period": 20,
            "module": 0,
            "tank_cycles": [
                {
                    "tank": 0,
                    "start_period": 24,
                    "start_cause": "pre_planning_deploy",
                    "end_period": 34,
                    "end_cause": "harvest",
                    "period_biomasses": [
                        {
                            "period": 24,
                            "biomass": 34867.0
                        },
                        {
                            "period": 25,
                            "biomass": 44772.306213331016
                        },
                        {
                            "period": 26,
                            "biomass": 57915.43097840191
                        },
                        {
                            "period": 27,
                            "biomass": 75145.52287909873
                        },
                        {
                            "period": 28,
                            "biomass": 96632.26422143243
                        },
                        {
                            "period": 29,
                            "biomass": 90197.43709564903
                        },
                        {
                            "period": 30,
                            "biomass": 112500.0
                        },
                        {
                            "period": 31,
                            "biomass": 70495.59510007157
                        },
                        {
                            "period": 32,
                            "biomass": 84554.3873836534
                        },
                        {
                            "period": 33,
                            "biomass": 98817.52518916824
                        },
                        {
                            "period": 34,
                            "biomass": 112500.0
                        }
                    ]
                },
                {
                    "tank": 1,
                    "start_period": 24,
                    "start_cause": "pre_planning_deploy",
                    "end_period": 26,
                    "end_cause": "post_smolt",
                    "period_biomasses": [
                        {
                            "period": 24,
                            "biomass": 79937.0
                        },
                        {
                            "period": 25,
                            "biomass": 102646.16519273356
                        },
                        {
                            "period": 26,
                            "biomass": 108329.73737199724
                        }
                    ]
                },
                {
                    "tank": 1,
                    "start_period": 31,
                    "start_cause": "transfer",
                    "transfer": {
                        "period": 30,
                        "from_tank": 0,
                        "biomass": 54771.77593509757
                    },
                    "end_period": 34,
                    "end_cause": "harvest",
                    "period_biomasses": [
                        {
                            "period": 31,
                            "biomass": 60710.7730557009
                        },
                        {
                            "period": 32,
                            "biomass": 72818.19830055723
                        },
                        {
                            "period": 33,
                            "biomass": 85101.60581195675
                        },
                        {
                            "period": 34,
                            "biomass": 96884.94662781303
                        }
                    ]
                },
                {
                    "tank": 2,
                    "start_period": 24,
                    "start_cause": "pre_planning_deploy",
                    "end_period": 26,
                    "end_cause": "post_smolt",
                    "period_biomasses": [
                        {
                            "period": 24,
                            "biomass": 67728.0
                        },
                        {
                            "period": 25,
                            "biomass": 86968.73132808911
                        },
                        {
                            "period": 26,
                            "biomass": 112498.81863381434
                        }
                    ]
                },
                {
                    "tank": 2,
                    "start_period": 29,
                    "start_cause": "transfer",
                    "transfer": {
                        "period": 28,
                        "from_tank": 0,
                        "biomass": 26288.22804868571
                    },
                    "end_period": 34,
                    "end_cause": "harvest",
                    "period_biomasses": [
                        {
                            "period": 29,
                            "biomass": 29941.409701943165
                        },
                        {
                            "period": 30,
                            "biomass": 37344.83705891342
                        },
                        {
                            "period": 31,
                            "biomass": 45604.14866432558
                        },
                        {
                            "period": 32,
                            "biomass": 54698.89071780018
                        },
                        {
                            "period": 33,
                            "biomass": 63925.82547846299
                        },
                        {
                            "period": 34,
                            "biomass": 72777.12483246232
                        }
                    ]
                },
                {
                    "tank": 3,
                    "start_period": 26,
                    "start_cause": "transfer",
                    "transfer": {
                        "period": 25,
                        "from_tank": 1,
                        "biomass": 18900.398448158405
                    },
                    "end_period": 34,
                    "end_cause": "harvest",
                    "period_biomasses": [
                        {
                            "period": 26,
                            "biomass": 21633.9138015093
                        },
                        {
                            "period": 27,
                            "biomass": 28070.09698575886
                        },
                        {
                            "period": 28,
                            "biomass": 36096.32250497711
                        },
                        {
                            "period": 29,
                            "biomass": 46283.8920776673
                        },
                        {
                            "period": 30,
                            "biomass": 57728.22406490243
                        },
                        {
                            "period": 31,
                            "biomass": 70495.59510007156
                        },
                        {
                            "period": 32,
                            "biomass": 84554.3873836534
                        },
                        {
                            "period": 33,
                            "biomass": 98817.52518916824
                        },
                        {
                            "period": 34,
                            "biomass": 112500.0
                        }
                    ]
                }
            ]
        },
        {
            "deploy_period": 36,
            "module": 0,
            "tank_cycles": [
                {
                    "tank": 0,
                    "start_period": 36,
                    "start_cause": "deploy",
                    "end_period": 42,
                    "end_cause": "post_smolt",
                    "period_biomasses": [
                        {
                            "period": 36,
                            "biomass": 11893.26030012241
                        },
                        {
                            "period": 37,
                            "biomass": 17187.651924199396
                        },
                        {
                            "period": 38,
                            "biomass": 25352.25518085405
                        },
                        {
                            "period": 39,
                            "biomass": 37684.644111522
                        },
                        {
                            "period": 40,
                            "biomass": 55292.587205090866
                        },
                        {
                            "period": 41,
                            "biomass": 80602.90501150946
                        },
                        {
                            "period": 42,
                            "biomass": 112500.0
                        }
                    ]
                },
                {
                    "tank": 1,
                    "start_period": 36,
                    "start_cause": "deploy",
                    "end_period": 42,
                    "end_cause": "post_smolt",
                    "period_biomasses": [
                        {
                            "period": 36,
                            "biomass": 11893.260300122423
                        },
                        {
                            "period": 37,
                            "biomass": 17187.651924199414
                        },
                        {
                            "period": 38,
                            "biomass": 25352.255180854074
                        },
                        {
                            "period": 39,
                            "biomass": 37684.64411152204
                        },
                        {
                            "period": 40,
                            "biomass": 55292.587205090924
                        },
                        {
                            "period": 41,
                            "biomass": 80602.90501150955
                        },
                        {
                            "period": 42,
                            "biomass": 112500.0
                        }
                    ]
                },
                {
                    "tank": 2,
                    "start_period": 36,
                    "start_cause": "deploy",
                    "end_period": 42,
                    "end_cause": "post_smolt",
                    "period_biomasses": [
                        {
                            "period": 36,
                            "biomass": 11893.260300122418
                        },
                        {
                            "period": 37,
                            "biomass": 17187.651924199403
                        },
                        {
                            "period": 38,
                            "biomass": 25352.255180854063
                        },
                        {
                            "period": 39,
                            "biomass": 37684.64411152202
                        },
                        {
                            "period": 40,
                            "biomass": 55292.5872050909
                        },
                        {
                            "period": 41,
                            "biomass": 80602.9050115095
                        },
                        {
                            "period": 42,
                            "biomass": 112500.0
                        }
                    ]
                },
                {
                    "tank": 3,
                    "start_period": 36,
                    "start_cause": "deploy",
                    "end_period": 42,
                    "end_cause": "post_smolt",
                    "period_biomasses": [
                        {
                            "period": 36,
                            "biomass": 11893.260300122418
                        },
                        {
                            "period": 37,
                            "biomass": 17187.651924199403
                        },
                        {
                            "period": 38,
                            "biomass": 25352.255180854063
                        },
                        {
                            "period": 39,
                            "biomass": 37684.64411152202
                        },
                        {
                            "period": 40,
                            "biomass": 55292.5872050909
                        },
                        {
                            "period": 41,
                            "biomass": 80602.9050115095
                        },
                        {
                            "period": 42,
                            "biomass": 112500.0
                        }
                    ]
                }
            ]
        },
        {
            "deploy_period": 44,
            "module": 0,
            "tank_cycles": [
                {
                    "tank": 0,
                    "start_period": 44,
                    "start_cause": "deploy",
                    "end_period": 58,
                    "end_cause": "harvest",
                    "period_biomasses": [
                        {
                            "period": 44,
                            "biomass": 5730.374165428874
                        },
                        {
                            "period": 45,
                            "biomass": 9635.272256891152
                        },
                        {
                            "period": 46,
                            "biomass": 14830.769734257072
                        },
                        {
                            "period": 47,
                            "biomass": 20943.62431108895
                        },
                        {
                            "period": 48,
                            "biomass": 27509.427735833262
                        },
                        {
                            "period": 49,
                            "biomass": 35324.53386704414
                        },
                        {
                            "period": 50,
                            "biomass": 45694.219843691346
                        },
                        {
                            "period": 51,
                            "biomass": 59288.4484272887
                        },
                        {
                            "period": 52,
                            "biomass": 76241.09586571385
                        },
                        {
                            "period": 53,
                            "biomass": 97758.84101338105
                        },
                        {
                            "period": 54,
                            "biomass": 57728.22406492293
                        },
                        {
                            "period": 55,
                            "biomass": 70495.59510009972
                        },
                        {
                            "period": 56,
                            "biomass": 84554.38738368716
                        },
                        {
                            "period": 57,
                            "biomass": 98817.52518920769
                        },
                        {
                            "period": 58,
                            "biomass": 112500.00000004492
                        }
                    ]
                },
                {
                    "tank": 1,
                    "start_period": 44,
                    "start_cause": "deploy",
                    "end_period": 58,
                    "end_cause": "harvest",
                    "period_biomasses": [
                        {
                            "period": 44,
                            "biomass": 5730.374165430703
                        },
                        {
                            "period": 45,
                            "biomass": 9635.272256894228
                        },
                        {
                            "period": 46,
                            "biomass": 14830.769734261807
                        },
                        {
                            "period": 47,
                            "biomass": 20943.624311095635
                        },
                        {
                            "period": 48,
                            "biomass": 27509.42773584204
                        },
                        {
                            "period": 49,
                            "biomass": 35324.53386705541
                        },
                        {
                            "period": 50,
                            "biomass": 45694.219843705934
                        },
                        {
                            "period": 51,
                            "biomass": 59288.448427288684
                        },
                        {
                            "period": 52,
                            "biomass": 76241.09586571457
                        },
                        {
                            "period": 53,
                            "biomass": 97758.84101338431
                        },
                        {
                            "period": 54,
                            "biomass": 57728.22406535122
                        },
                        {
                            "period": 55,
                            "biomass": 70495.59510010642
                        },
                        {
                            "period": 56,
                            "biomass": 84554.38738369521
                        },
                        {
                            "period": 57,
                            "biomass": 98817.5251892171
                        },
                        {
                            "period": 58,
                            "biomass": 112500.00000005563
                        }
                    ]
                },
                {
                    "tank": 2,
                    "start_period": 44,
                    "start_cause": "deploy",
                    "end_period": 50,
                    "end_cause": "post_smolt",
                    "period_biomasses": [
                        {
                            "period": 44,
                            "biomass": 14108.285376389182
                        },
                        {
                            "period": 45,
                            "biomass": 23722.215470593444
                        },
                        {
                            "period": 46,
                            "biomass": 36513.62471664266
                        },
                        {
                            "period": 47,
                            "biomass": 51563.58381959355
                        },
                        {
                            "period": 48,
                            "biomass": 67728.7112209442
                        },
                        {
                            "period": 49,
                            "biomass": 86969.64459857119
                        },
                        {
                            "period": 50,
                            "biomass": 112499.99999921727
                        }
                    ]
                },
                {
                    "tank": 2,
                    "start_period": 54,
                    "start_cause": "transfer",
                    "transfer": {
                        "period": 53,
                        "from_tank": 0,
                        "biomass": 51474.948935697
                    },
                    "end_period": 58,
                    "end_cause": "harvest",
                    "period_biomasses": [
                        {
                            "period": 54,
                            "biomass": 57728.22406493098
                        },
                        {
                            "period": 55,
                            "biomass": 70495.59510010642
                        },
                        {
                            "period": 56,
                            "biomass": 84554.38738369521
                        },
                        {
                            "period": 57,
                            "biomass": 98817.5251892171
                        },
                        {
                            "period": 58,
                            "biomass": 112500.00000005563
                        }
                    ]
                },
                {
                    "tank": 3,
                    "start_period": 44,
                    "start_cause": "deploy",
                    "end_period": 50,
                    "end_cause": "post_smolt",
                    "period_biomasses": [
                        {
                            "period": 44,
                            "biomass": 14108.2853764104
                        },
                        {
                            "period": 45,
                            "biomass": 23722.215470629122
                        },
                        {
                            "period": 46,
                            "biomass": 36513.62471669758
                        },
                        {
                            "period": 47,
                            "biomass": 51563.5838196711
                        },
                        {
                            "period": 48,
                            "biomass": 67728.71122104606
                        },
                        {
                            "period": 49,
                            "biomass": 86969.644598702
                        },
                        {
                            "period": 50,
                            "biomass": 112499.99999938646
                        }
                    ]
                },
                {
                    "tank": 3,
                    "start_period": 54,
                    "start_cause": "transfer",
                    "transfer": {
                        "period": 53,
                        "from_tank": 1,
                        "biomass": 51474.948935358945
                    },
                    "end_period": 58,
                    "end_cause": "harvest",
                    "period_biomasses": [
                        {
                            "period": 54,
                            "biomass": 57728.22406454954
                        },
                        {
                            "period": 55,
                            "biomass": 70495.59510010642
                        },
                        {
                            "period": 56,
                            "biomass": 84554.38738369521
                        },
                        {
                            "period": 57,
                            "biomass": 98817.5251892171
                        },
                        {
                            "period": 58,
                            "biomass": 112500.00000005563
                        }
                    ]
                }
            ]
        },
        {
            "deploy_period": 60,
            "module": 0,
            "tank_cycles": [
                {
                    "tank": 0,
                    "start_period": 60,
                    "start_cause": "deploy",
                    "end_period": 66,
                    "end_cause": "post_smolt",
                    "period_biomasses": [
                        {
                            "period": 60,
                            "biomass": 11893.260300122442
                        },
                        {
                            "period": 61,
                            "biomass": 17187.65192419944
                        },
                        {
                            "period": 62,
                            "biomass": 25352.255180854114
                        },
                        {
                            "period": 63,
                            "biomass": 37684.644111522095
                        },
                        {
                            "period": 64,
                            "biomass": 55292.58720509101
                        },
                        {
                            "period": 65,
                            "biomass": 80602.90501150966
                        },
                        {
                            "period": 66,
                            "biomass": 112500.0
                        }
                    ]
                },
                {
                    "tank": 1,
                    "start_period": 60,
                    "start_cause": "deploy",
                    "end_period": 66,
                    "end_cause": "post_smolt",
                    "period_biomasses": [
                        {
                            "period": 60,
                            "biomass": 11893.260300122416
                        },
                        {
                            "period": 61,
                            "biomass": 17187.651924199403
                        },
                        {
                            "period": 62,
                            "biomass": 25352.25518085406
                        },
                        {
                            "period": 63,
                            "biomass": 37684.644111522015
                        },
                        {
                            "period": 64,
                            "biomass": 55292.58720509089
                        },
                        {
                            "period": 65,
                            "biomass": 80602.90501150949
                        },
                        {
                            "period": 66,
                            "biomass": 112500.0
                        }
                    ]
                },
                {
                    "tank": 2,
                    "start_period": 60,
                    "start_cause": "deploy",
                    "end_period": 66,
                    "end_cause": "post_smolt",
                    "period_biomasses": [
                        {
                            "period": 60,
                            "biomass": 11893.260300122418
                        },
                        {
                            "period": 61,
                            "biomass": 17187.651924199403
                        },
                        {
                            "period": 62,
                            "biomass": 25352.255180854063
                        },
                        {
                            "period": 63,
                            "biomass": 37684.64411152202
                        },
                        {
                            "period": 64,
                            "biomass": 55292.5872050909
                        },
                        {
                            "period": 65,
                            "biomass": 80602.9050115095
                        },
                        {
                            "period": 66,
                            "biomass": 112500.0
                        }
                    ]
                },
                {
                    "tank": 3,
                    "start_period": 60,
                    "start_cause": "deploy",
                    "end_period": 66,
                    "end_cause": "post_smolt",
                    "period_biomasses": [
                        {
                            "period": 60,
                            "biomass": 11893.260300122418
                        },
                        {
                            "period": 61,
                            "biomass": 17187.651924199403
                        },
                        {
                            "period": 62,
                            "biomass": 25352.255180854063
                        },
                        {
                            "period": 63,
                            "biomass": 37684.64411152202
                        },
                        {
                            "period": 64,
                            "biomass": 55292.5872050909
                        },
                        {
                            "period": 65,
                            "biomass": 80602.9050115095
                        },
                        {
                            "period": 66,
                            "biomass": 112500.0
                        }
                    ]
                }
            ]
        },
        {
            "deploy_period": 68,
            "module": 0,
            "tank_cycles": [
                {
                    "tank": 0,
                    "start_period": 68,
                    "start_cause": "deploy",
                    "end_period": 84,
                    "end_cause": "harvest",
                    "period_biomasses": [
                        {
                            "period": 68,
                            "biomass": 7263.0654077997115
                        },
                        {
                            "period": 69,
                            "biomass": 12212.398458368521
                        },
                        {
                            "period": 70,
                            "biomass": 18797.52482443067
                        },
                        {
                            "period": 71,
                            "biomass": 26545.37188261224
                        },
                        {
                            "period": 72,
                            "biomass": 34867.317073621285
                        },
                        {
                            "period": 73,
                            "biomass": 44772.71336385341
                        },
                        {
                            "period": 74,
                            "biomass": 57915.957649908734
                        },
                        {
                            "period": 75,
                            "biomass": 75146.20623766305
                        },
                        {
                            "period": 76,
                            "biomass": 96633.14297618474
                        },
                        {
                            "period": 77,
                            "biomass": 80686.2628447566
                        },
                        {
                            "period": 78,
                            "biomass": 100637.05646546563
                        },
                        {
                            "period": 79,
                            "biomass": 58473.64973414405
                        },
                        {
                            "period": 80,
                            "biomass": 70134.9300525567
                        },
                        {
                            "period": 81,
                            "biomass": 81965.70789003119
                        },
                        {
                            "period": 82,
                            "biomass": 93314.84592410408
                        },
                        {
                            "period": 83,
                            "biomass": 103609.67739293189
                        },
                        {
                            "period": 84,
                            "biomass": 112500.0
                        }
                    ]
                },
                {
                    "tank": 1,
                    "start_period": 68,
                    "start_cause": "deploy",
                    "end_period": 74,
                    "end_cause": "post_smolt",
                    "period_biomasses": [
                        {
                            "period": 68,
                            "biomass": 16651.457304892487
                        },
                        {
                            "period": 69,
                            "biomass": 27998.40289218362
                        },
                        {
                            "period": 70,
                            "biomass": 43095.60281744547
                        },
                        {
                            "period": 71,
                            "biomass": 60858.48078293948
                        },
                        {
                            "period": 72,
                            "biomass": 79937.5482649604
                        },
                        {
                            "period": 73,
                            "biomass": 102646.86921334597
                        },
                        {
                            "period": 74,
                            "biomass": 112500.0
                        }
                    ]
                },
                {
                    "tank": 1,
                    "start_period": 77,
                    "start_cause": "transfer",
                    "transfer": {
                        "period": 76,
                        "from_tank": 0,
                        "biomass": 33706.77195104878
                    },
                    "end_period": 84,
                    "end_cause": "harvest",
                    "period_biomasses": [
                        {
                            "period": 77,
                            "biomass": 38390.882293292285
                        },
                        {
                            "period": 78,
                            "biomass": 47883.558525231325
                        },
                        {
                            "period": 79,
                            "biomass": 58473.649734144
                        },
                        {
                            "period": 80,
                            "biomass": 70134.93005255664
                        },
                        {
                            "period": 81,
                            "biomass": 81965.70789003112
                        },
                        {
                            "period": 82,
                            "biomass": 93314.84592410401
                        },
                        {
                            "period": 83,
                            "biomass": 103609.67739293189
                        },
                        {
                            "period": 84,
                            "biomass": 112500.0
                        }
                    ]
                },
                {
                    "tank": 2,
                    "start_period": 68,
                    "start_cause": "deploy",
                    "end_period": 74,
                    "end_cause": "post_smolt",
                    "period_biomasses": [
                        {
                            "period": 68,
                            "biomass": 14108.285376487342
                        },
                        {
                            "period": 69,
                            "biomass": 23722.215470758496
                        },
                        {
                            "period": 70,
                            "biomass": 36513.62471689671
                        },
                        {
                            "period": 71,
                            "biomass": 51563.583819952306
                        },
                        {
                            "period": 72,
                            "biomass": 67728.71122141543
                        },
                        {
                            "period": 73,
                            "biomass": 86969.6445991763
                        },
                        {
                            "period": 74,
                            "biomass": 112500.0
                        }
                    ]
                },
                {
                    "tank": 2,
                    "start_period": 79,
                    "start_cause": "transfer",
                    "transfer": {
                        "period": 78,
                        "from_tank": 0,
                        "biomass": 52753.49794023425
                    },
                    "end_period": 84,
                    "end_cause": "harvest",
                    "period_biomasses": [
                        {
                            "period": 79,
                            "biomass": 58473.649734144
                        },
                        {
                            "period": 80,
                            "biomass": 70134.93005255664
                        },
                        {
                            "period": 81,
                            "biomass": 81965.70789003112
                        },
                        {
                            "period": 82,
                            "biomass": 93314.84592410401
                        },
                        {
                            "period": 83,
                            "biomass": 103609.67739293189
                        },
                        {
                            "period": 84,
                            "biomass": 112500.0
                        }
                    ]
                },
                {
                    "tank": 3,
                    "start_period": 74,
                    "start_cause": "transfer",
                    "transfer": {
                        "period": 73,
                        "from_tank": 1,
                        "biomass": 15677.22461416966
                    },
                    "end_period": 84,
                    "end_cause": "harvest",
                    "period_biomasses": [
                        {
                            "period": 74,
                            "biomass": 17944.580738872886
                        },
                        {
                            "period": 75,
                            "biomass": 23283.171336006784
                        },
                        {
                            "period": 76,
                            "biomass": 29940.646870921973
                        },
                        {
                            "period": 77,
                            "biomass": 38390.88229329239
                        },
                        {
                            "period": 78,
                            "biomass": 47883.55852523145
                        },
                        {
                            "period": 79,
                            "biomass": 58473.64973414416
                        },
                        {
                            "period": 80,
                            "biomass": 70134.93005255683
                        },
                        {
                            "period": 81,
                            "biomass": 81965.70789003135
                        },
                        {
                            "period": 82,
                            "biomass": 93314.84592410426
                        },
                        {
                            "period": 83,
                            "biomass": 103609.67739293189
                        },
                        {
                            "period": 84,
                            "biomass": 112500.0
                        }
                    ]
                }
            ]
        }
    ]
}