{
    "modules": [
        {
            "module_index": 0,
            "tank_indices": [
                0,
                1,
                2,
                3
            ],
            "tank_transfers": [
                {
                    "from": 0,
                    "to": 1
                },
                {
                    "from": 0,
                    "to": 2
                },
                {
                    "from": 1,
                    "to": 3
                }
            ]
        },
        {
            "module_index": 1,
            "tank_indices": [
                4,
                5,
                6,
                7
            ],
            "tank_transfers": [
                {
                    "from": 4,
                    "to": 5
                },
                {
                    "from": 4,
                    "to": 6
                },
                {
                    "from": 5,
                    "to": 7
                }
            ]
        }
    ],
    "pre_planning_horizon": {
        "first_year": 2021,
        "first_period": 0,
        "last_period": 23,
        "deploy_periods": [
            6,
            7,
            8,
            12,
            13,
            14,
            18,
            19,
            20
        ]
    },
    "planning_horizon": {
        "first_year": 2023,
        "first_period": 24,
        "last_ordinary_horizon_period": 71,
        "last_period": 85,
        "deploy_periods": [
            24,
            25,
            26,
            30,
            31,
            32,
            36,
            37,
            38,
            42,
            43,
            44,
            48,
            49,
            50,
            54,
            55,
            56,
            60,
            61,
            62,
            66,
            67,
            68,
            72,
            73,
            74
        ]
    },
    "production_cycles": [
        {
            "deploy_period": 19,
            "module": 0,
            "tank_cycles": [
                {
                    "tank": 0,
                    "start_period": 24,
                    "start_cause": "pre_planning_deploy",
                    "end_period": 33,
                    "end_cause": "harvest",
                    "period_biomasses": [
                        {
                            "period": 24,
                            "biomass": 115240.0
                        },
                        {
                            "period": 25,
                            "biomass": 143095.98798989115
                        },
                        {
                            "period": 26,
                            "biomass": 179156.63838855384
                        },
                        {
                            "period": 27,
                            "biomass": 224998.45936566973
                        },
                        {
                            "period": 28,
                            "biomass": 133864.1421480485
                        },
                        {
                            "period": 29,
                            "biomass": 166976.17054071586
                        },
                        {
                            "period": 30,
                            "biomass": 96806.04638452978
                        },
                        {
                            "period": 31,
                            "biomass": 115849.6139479808
                        },
                        {
                            "period": 32,
                            "biomass": 136671.9358523976
                        },
                        {
                            "period": 33,
                            "biomass": 157500.0
                        }
                    ]
                },
                {
                    "tank": 1,
                    "start_period": 24,
                    "start_cause": "pre_planning_deploy",
                    "end_period": 25,
                    "end_cause": "post_smolt",
                    "period_biomasses": [
                        {
                            "period": 24,
                            "biomass": 126840.0
                        },
                        {
                            "period": 25,
                            "biomass": 157499.9576244168
                        }
                    ]
                },
                {
                    "tank": 1,
                    "start_period": 28,
                    "start_cause": "transfer",
                    "transfer": {
                        "period": 27,
                        "from_tank": 0,
                        "biomass": 117720.02306030523
                    },
                    "end_period": 33,
                    "end_cause": "harvest",
                    "period_biomasses": [
                        {
                            "period": 28,
                            "biomass": 132053.59318310066
                        },
                        {
                            "period": 29,
                            "biomass": 164717.77237753122
                        },
                        {
                            "period": 30,
                            "biomass": 96806.04638452978
                        },
                        {
                            "period": 31,
                            "biomass": 115849.6139479808
                        },
                        {
                            "period": 32,
                            "biomass": 136671.9358523976
                        },
                        {
                            "period": 33,
                            "biomass": 157500.0
                        }
                    ]
                },
                {
                    "tank": 2,
                    "start_period": 24,
                    "start_cause": "pre_planning_deploy",
                    "end_period": 25,
                    "end_cause": "post_smolt",
                    "period_biomasses": [
                        {
                            "period": 24,
                            "biomass": 126840.0
                        },
                        {
                            "period": 25,
                            "biomass": 157499.9576244168
                        }
                    ]
                },
                {
                    "tank": 2,
                    "start_period": 30,
                    "start_cause": "transfer",
                    "transfer": {
                        "period": 29,
                        "from_tank": 0,
                        "biomass": 87474.35561452717
                    },
                    "end_period": 33,
                    "end_cause": "harvest",
                    "period_biomasses": [
                        {
                            "period": 30,
                            "biomass": 96806.04638452978
                        },
                        {
                            "period": 31,
                            "biomass": 115849.6139479808
                        },
                        {
                            "period": 32,
                            "biomass": 136671.9358523976
                        },
                        {
                            "period": 33,
                            "biomass": 157500.0
                        }
                    ]
                },
                {
                    "tank": 3,
                    "start_period": 24,
                    "start_cause": "pre_planning_deploy",
                    "end_period": 25,
                    "end_cause": "post_smolt",
                    "period_biomasses": [
                        {
                            "period": 24,
                            "biomass": 126840.0
                        },
                        {
                            "period": 25,
                            "biomass": 157499.9576244168
                        }
                    ]
                },
                {
                    "tank": 3,
                    "start_period": 30,
                    "start_cause": "transfer",
                    "transfer": {
                        "period": 29,
                        "from_tank": 1,
                        "biomass": 85215.95745134252
                    },
                    "end_period": 33,
                    "end_cause": "harvest",
                    "period_biomasses": [
                        {
                            "period": 30,
                            "biomass": 94306.72420257042
                        },
                        {
                            "period": 31,
                            "biomass": 112858.62814982627
                        },
                        {
                            "period": 32,
                            "biomass": 133143.36285840935
                        },
                        {
                            "period": 33,
                            "biomass": 153433.69155791175
                        }
                    ]
                }
            ]
        },
        {
            "deploy_period": 20,
            "module": 1,
            "tank_cycles": [
                {
                    "tank": 4,
                    "start_period": 24,
                    "start_cause": "pre_planning_deploy",
                    "end_period": 36,
                    "end_cause": "harvest",
                    "period_biomasses": [
                        {
                            "period": 24,
                            "biomass": 67572.0
                        },
                        {
                            "period": 25,
                            "biomass": 86768.41355571753
                        },
                        {
                            "period": 26,
                            "biomass": 112239.69662066062
                        },
                        {
                            "period": 27,
                            "biomass": 145631.49315933287
                        },
                        {
                            "period": 28,
                            "biomass": 187272.64628361005
                        },
                        {
                            "period": 29,
                            "biomass": 112960.7679826955
                        },
                        {
                            "period": 30,
                            "biomass": 140891.87905169712
                        },
                        {
                            "period": 31,
                            "biomass": 81863.10962780159
                        },
                        {
                            "period": 32,
                            "biomass": 98188.90207357929
                        },
                        {
                            "period": 33,
                            "biomass": 114751.99104604358
                        },
                        {
                            "period": 34,
                            "biomass": 130640.78429374562
                        },
                        {
                            "period": 35,
                            "biomass": 145053.54835010465
                        },
                        {
                            "period": 36,
                            "biomass": 157500.0
                        }
                    ]
                },
                {
                    "tank": 5,
                    "start_period": 24,
                    "start_cause": "pre_planning_deploy",
                    "end_period": 26,
                    "end_cause": "post_smolt",
                    "period_biomasses": [
                        {
                            "period": 24,
                            "biomass": 94820.0
                        },
                        {
                            "period": 25,
                            "biomass": 121757.2511299523
                        },
                        {
                            "period": 26,
                            "biomass": 157499.67491817675
                        }
                    ]
                },
                {
                    "tank": 5,
                    "start_period": 29,
                    "start_cause": "transfer",
                    "transfer": {
                        "period": 28,
                        "from_tank": 4,
                        "biomass": 99175.72684842035
                    },
                    "end_period": 36,
                    "end_cause": "harvest",
                    "period_biomasses": [
                        {
                            "period": 29,
                            "biomass": 112957.82525003688
                        },
                        {
                            "period": 30,
                            "biomass": 140888.20868771832
                        },
                        {
                            "period": 31,
                            "biomass": 81863.10962780136
                        },
                        {
                            "period": 32,
                            "biomass": 98188.902073579
                        },
                        {
                            "period": 33,
                            "biomass": 114751.99104604323
                        },
                        {
                            "period": 34,
                            "biomass": 130640.78429374522
                        },
                        {
                            "period": 35,
                            "biomass": 145053.54835010422
                        },
                        {
                            "period": 36,
                            "biomass": 157499.99999999953
                        }
                    ]
                },
                {
                    "tank": 6,
                    "start_period": 24,
                    "start_cause": "pre_planning_deploy",
                    "end_period": 26,
                    "end_cause": "post_smolt",
                    "period_biomasses": [
                        {
                            "period": 24,
                            "biomass": 94820.0
                        },
                        {
                            "period": 25,
                            "biomass": 121757.2511299523
                        },
                        {
                            "period": 26,
                            "biomass": 157499.67491817675
                        }
                    ]
                },
                {
                    "tank": 6,
                    "start_period": 31,
                    "start_cause": "transfer",
                    "transfer": {
                        "period": 30,
                        "from_tank": 4,
                        "biomass": 73854.89711637328
                    },
                    "end_period": 36,
                    "end_cause": "harvest",
                    "period_biomasses": [
                        {
                            "period": 31,
                            "biomass": 81863.10962780158
                        },
                        {
                            "period": 32,
                            "biomass": 98188.90207357927
                        },
                        {
                            "period": 33,
                            "biomass": 114751.99104604355
                        },
                        {
                            "period": 34,
                            "biomass": 130640.78429374559
                        },
                        {
                            "period": 35,
                            "biomass": 145053.54835010463
                        },
                        {
                            "period": 36,
                            "biomass": 157499.99999999997
                        }
                    ]
                },
                {
                    "tank": 7,
                    "start_period": 24,
                    "start_cause": "pre_planning_deploy",
                    "end_period": 26,
                    "end_cause": "post_smolt",
                    "period_biomasses": [
                        {
                            "period": 24,
                            "biomass": 94820.0
                        },
                        {
                            "period": 25,
                            "biomass": 121757.2511299523
                        },
                        {
                            "period": 26,
                            "biomass": 157499.67491817675
                        }
                    ]
                },
                {
                    "tank": 7,
                    "start_period": 31,
                    "start_cause": "transfer",
                    "transfer": {
                        "period": 30,
                        "from_tank": 5,
                        "biomass": 73851.22675239465
                    },
                    "end_period": 36,
                    "end_cause": "harvest",
                    "period_biomasses": [
                        {
                            "period": 31,
                            "biomass": 81859.0412799941
                        },
                        {
                            "period": 32,
                            "biomass": 98184.02238349314
                        },
                        {
                            "period": 33,
                            "biomass": 114746.28822076244
                        },
                        {
                            "period": 34,
                            "biomass": 130634.29184371815
                        },
                        {
                            "period": 35,
                            "biomass": 145046.33962949674
                        },
                        {
                            "period": 36,
                            "biomass": 157492.17272856363
                        }
                    ]
                }
            ]
        },
        {
            "deploy_period": 42,
            "module": 0,
            "tank_cycles": [
                {
                    "tank": 0,
                    "start_period": 42,
                    "start_cause": "deploy",
                    "end_period": 47,
                    "end_cause": "post_smolt",
                    "period_biomasses": [
                        {
                            "period": 42,
                            "biomass": 19523.51414016306
                        },
                        {
                            "period": 43,
                            "biomass": 34888.18376879303
                        },
                        {
                            "period": 44,
                            "biomass": 57771.772339504816
                        },
                        {
                            "period": 45,
                            "biomass": 87116.64940466876
                        },
                        {
                            "period": 46,
                            "biomass": 121345.22037428585
                        },
                        {
                            "period": 47,
                            "biomass": 157500.0000000002
                        }
                    ]
                },
                {
                    "tank": 1,
                    "start_period": 42,
                    "start_cause": "deploy",
                    "end_period": 47,
                    "end_cause": "post_smolt",
                    "period_biomasses": [
                        {
                            "period": 42,
                            "biomass": 19523.514140163035
                        },
                        {
                            "period": 43,
                            "biomass": 34888.18376879299
                        },
                        {
                            "period": 44,
                            "biomass": 57771.77233950474
                        },
                        {
                            "period": 45,
                            "biomass": 87116.64940466864
                        },
                        {
                            "period": 46,
                            "biomass": 121345.2203742857
                        },
                        {
                            "period": 47,
                            "biomass": 157500.0
                        }
                    ]
                },
                {
                    "tank": 2,
                    "start_period": 42,
                    "start_cause": "deploy",
                    "end_period": 47,
                    "end_cause": "post_smolt",
                    "period_biomasses": [
                        {
                            "period": 42,
                            "biomass": 19523.514140163035
                        },
                        {
                            "period": 43,
                            "biomass": 34888.18376879299
                        },
                        {
                            "period": 44,
                            "biomass": 57771.77233950474
                        },
                        {
                            "period": 45,
                            "biomass": 87116.64940466864
                        },
                        {
                            "period": 46,
                            "biomass": 121345.2203742857
                        },
                        {
                            "period": 47,
                            "biomass": 157500.0
                        }
                    ]
                },
                {
                    "tank": 3,
                    "start_period": 42,
                    "start_cause": "deploy",
                    "end_period": 47,
                    "end_cause": "post_smolt",
                    "period_biomasses": [
                        {
                            "period": 42,
                            "biomass": 19523.514140163035
                        },
                        {
                            "period": 43,
                            "biomass": 34888.18376879299
                        },
                        {
                            "period": 44,
                            "biomass": 57771.77233950474
                        },
                        {
                            "period": 45,
                            "biomass": 87116.64940466864
                        },
                        {
                            "period": 46,
                            "biomass": 121345.2203742857
                        },
                        {
                            "period": 47,
                            "biomass": 157500.0
                        }
                    ]
                }
            ]
        },
        {
            "deploy_period": 43,
            "module": 1,
            "tank_cycles": [
                {
                    "tank": 4,
                    "start_period": 43,
                    "start_cause": "deploy",
                    "end_period": 57,
                    "end_cause": "harvest",
                    "period_biomasses": [
                        {
                            "period": 43,
                            "biomass": 16350.637573227858
                        },
                        {
                            "period": 44,
                            "biomass": 28770.598878514815
                        },
                        {
                            "period": 45,
                            "biomass": 45961.132809275674
                        },
                        {
                            "period": 46,
                            "biomass": 67299.92922875927
                        },
                        {
                            "period": 47,
                            "biomass": 90980.75723107594
                        },
                        {
                            "period": 48,
                            "biomass": 115240.78908407071
                        },
                        {
                            "period": 49,
                            "biomass": 143096.967812563
                        },
                        {
                            "period": 50,
                            "biomass": 179157.86512969853
                        },
                        {
                            "period": 51,
                            "biomass": 225000.0
                        },
                        {
                            "period": 52,
                            "biomass": 133864.14214804597
                        },
                        {
                            "period": 53,
                            "biomass": 166976.1705407161
                        },
                        {
                            "period": 54,
                            "biomass": 96806.04638452978
                        },
                        {
                            "period": 55,
                            "biomass": 115849.6139479808
                        },
                        {
                            "period": 56,
                            "biomass": 136671.9358523976
                        },
                        {
                            "period": 57,
                            "biomass": 157500.0
                        }
                    ]
                },
                {
                    "tank": 5,
                    "start_period": 43,
                    "start_cause": "deploy",
                    "end_period": 49,
                    "end_cause": "post_smolt",
                    "period_biomasses": [
                        {
                            "period": 43,
                            "biomass": 17996.366080632622
                        },
                        {
                            "period": 44,
                            "biomass": 31666.424471701885
                        },
                        {
                            "period": 45,
                            "biomass": 50587.22437042017
                        },
                        {
                            "period": 46,
                            "biomass": 74073.81872279612
                        },
                        {
                            "period": 47,
                            "biomass": 100138.17541308113
                        },
                        {
                            "period": 48,
                            "biomass": 126840.03412647886
                        },
                        {
                            "period": 49,
                            "biomass": 157500.0
                        }
                    ]
                },
                {
                    "tank": 5,
                    "start_period": 52,
                    "start_cause": "transfer",
                    "transfer": {
                        "period": 51,
                        "from_tank": 4,
                        "biomass": 117721.563694638
                    },
                    "end_period": 57,
                    "end_cause": "harvest",
                    "period_biomasses": [
                        {
                            "period": 52,
                            "biomass": 132055.32140480954
                        },
                        {
                            "period": 53,
                            "biomass": 164719.92808434056
                        },
                        {
                            "period": 54,
                            "biomass": 96806.04638452985
                        },
                        {
                            "period": 55,
                            "biomass": 115849.61394798088
                        },
                        {
                            "period": 56,
                            "biomass": 136671.9358523977
                        },
                        {
                            "period": 57,
                            "biomass": 157500.00000000012
                        }
                    ]
                },
                {
                    "tank": 6,
                    "start_period": 43,
                    "start_cause": "deploy",
                    "end_period": 49,
                    "end_cause": "post_smolt",
                    "period_biomasses": [
                        {
                            "period": 43,
                            "biomass": 17996.366080632622
                        },
                        {
                            "period": 44,
                            "biomass": 31666.424471701885
                        },
                        {
                            "period": 45,
                            "biomass": 50587.22437042017
                        },
                        {
                            "period": 46,
                            "biomass": 74073.81872279612
                        },
                        {
                            "period": 47,
                            "biomass": 100138.17541308113
                        },
                        {
                            "period": 48,
                            "biomass": 126840.03412647886
                        },
                        {
                            "period": 49,
                            "biomass": 157500.0
                        }
                    ]
                },
                {
                    "tank": 6,
                    "start_period": 54,
                    "start_cause": "transfer",
                    "transfer": {
                        "period": 53,
                        "from_tank": 4,
                        "biomass": 87474.35561452799
                    },
                    "end_period": 57,
                    "end_cause": "harvest",
                    "period_biomasses": [
                        {
                            "period": 54,
                            "biomass": 96806.04638452978
                        },
                        {
                            "period": 55,
                            "biomass": 115849.6139479808
                        },
                        {
                            "period": 56,
                            "biomass": 136671.9358523976
                        },
                        {
                            "period": 57,
                            "biomass": 157500.0
                        }
                    ]
                },
                {
                    "tank": 7,
                    "start_period": 43,
                    "start_cause": "deploy",
                    "end_period": 49,
                    "end_cause": "post_smolt",
                    "period_biomasses": [
                        {
                            "period": 43,
                            "biomass": 17996.366080632622
                        },
                        {
                            "period": 44,
                            "biomass": 31666.424471701885
                        },
                        {
                            "period": 45,
                            "biomass": 50587.22437042017
                        },
                        {
                            "period": 46,
                            "biomass": 74073.81872279612
                        },
                        {
                            "period": 47,
                            "biomass": 100138.17541308113
                        },
                        {
                            "period": 48,
                            "biomass": 126840.03412647886
                        },
                        {
                            "period": 49,
                            "biomass": 157500.0
                        }
                    ]
                },
                {
                    "tank": 7,
                    "start_period": 54,
                    "start_cause": "transfer",
                    "transfer": {
                        "period": 53,
                        "from_tank": 5,
                        "biomass": 85218.11315815181
                    },
                    "end_period": 57,
                    "end_cause": "harvest",
                    "period_biomasses": [
                        {
                            "period": 54,
                            "biomass": 94309.10987837113
                        },
                        {
                            "period": 55,
                            "biomass": 112861.48313286544
                        },
                        {
                            "period": 56,
                            "biomass": 133146.73098408102
                        },
                        {
                            "period": 57,
                            "biomass": 153437.572967727
                        }
                    ]
                }
            ]
        },
        {
            "deploy_period": 50,
            "module": 0,
            "tank_cycles": [
                {
                    "tank": 0,
                    "start_period": 50,
                    "start_cause": "deploy",
                    "end_period": 65,
                    "end_cause": "harvest",
                    "period_biomasses": [
                        {
                            "period": 50,
                            "biomass": 14570.02461407682
                        },
                        {
                            "period": 51,
                            "biomass": 23042.061343131696
                        },
                        {
                            "period": 52,
                            "biomass": 36307.48689470622
                        },
                        {
                            "period": 53,
                            "biomass": 57262.553524697076
                        },
                        {
                            "period": 54,
                            "biomass": 86055.08105094972
                        },
                        {
                            "period": 55,
                            "biomass": 122699.72846614664
                        },
                        {
                            "period": 56,
                            "biomass": 167060.9460369171
                        },
                        {
                            "period": 57,
                            "biomass": 215162.17579143625
                        },
                        {
                            "period": 58,
                            "biomass": 125602.29674384017
                        },
                        {
                            "period": 59,
                            "biomass": 147905.88402271926
                        },
                        {
                            "period": 60,
                            "biomass": 81325.88315350511
                        },
                        {
                            "period": 61,
                            "biomass": 91562.77631220949
                        },
                        {
                            "period": 62,
                            "biomass": 104152.79321199251
                        },
                        {
                            "period": 63,
                            "biomass": 119386.2928819102
                        },
                        {
                            "period": 64,
                            "biomass": 136942.95009026147
                        },
                        {
                            "period": 65,
                            "biomass": 157500.0
                        }
                    ]
                },
                {
                    "tank": 1,
                    "start_period": 50,
                    "start_cause": "deploy",
                    "end_period": 55,
                    "end_cause": "post_smolt",
                    "period_biomasses": [
                        {
                            "period": 50,
                            "biomass": 18702.395721684403
                        },
                        {
                            "period": 51,
                            "biomass": 29577.283559714902
                        },
                        {
                            "period": 52,
                            "biomass": 46605.06797693499
                        },
                        {
                            "period": 53,
                            "biomass": 73503.44041411736
                        },
                        {
                            "period": 54,
                            "biomass": 110462.14555612562
                        },
                        {
                            "period": 55,
                            "biomass": 157500.0
                        }
                    ]
                },
                {
                    "tank": 1,
                    "start_period": 58,
                    "start_cause": "transfer",
                    "transfer": {
                        "period": 57,
                        "from_tank": 0,
                        "biomass": 112934.06668260219
                    },
                    "end_period": 65,
                    "end_cause": "harvest",
                    "period_biomasses": [
                        {
                            "period": 58,
                            "biomass": 125602.29674384178
                        },
                        {
                            "period": 59,
                            "biomass": 147905.88402271917
                        },
                        {
                            "period": 60,
                            "biomass": 81325.88315350504
                        },
                        {
                            "period": 61,
                            "biomass": 91562.77631220942
                        },
                        {
                            "period": 62,
                            "biomass": 104152.79321199242
                        },
                        {
                            "period": 63,
                            "biomass": 119386.29288191009
                        },
                        {
                            "period": 64,
                            "biomass": 136942.95009026135
                        },
                        {
                            "period": 65,
                            "biomass": 157499.99999999983
                        }
                    ]
                },
                {
                    "tank": 2,
                    "start_period": 50,
                    "start_cause": "deploy",
                    "end_period": 55,
                    "end_cause": "post_smolt",
                    "period_biomasses": [
                        {
                            "period": 50,
                            "biomass": 18702.395721684403
                        },
                        {
                            "period": 51,
                            "biomass": 29577.283559714902
                        },
                        {
                            "period": 52,
                            "biomass": 46605.06797693499
                        },
                        {
                            "period": 53,
                            "biomass": 73503.44041411736
                        },
                        {
                            "period": 54,
                            "biomass": 110462.14555612562
                        },
                        {
                            "period": 55,
                            "biomass": 157500.0
                        }
                    ]
                },
                {
                    "tank": 2,
                    "start_period": 60,
                    "start_cause": "transfer",
                    "transfer": {
                        "period": 59,
                        "from_tank": 0,
                        "biomass": 76306.78175424959
                    },
                    "end_period": 65,
                    "end_cause": "harvest",
                    "period_biomasses": [
                        {
                            "period": 60,
                            "biomass": 81325.88315350508
                        },
                        {
                            "period": 61,
                            "biomass": 91562.77631220948
                        },
                        {
                            "period": 62,
                            "biomass": 104152.79321199248
                        },
                        {
                            "period": 63,
                            "biomass": 119386.29288191017
                        },
                        {
                            "period": 64,
                            "biomass": 136942.95009026144
                        },
                        {
                            "period": 65,
                            "biomass": 157500.0
                        }
                    ]
                },
                {
                    "tank": 3,
                    "start_period": 50,
                    "start_cause": "deploy",
                    "end_period": 55,
                    "end_cause": "post_smolt",
                    "period_biomasses": [
                        {
                            "period": 50,
                            "biomass": 18702.395721684403
                        },
                        {
                            "period": 51,
                            "biomass": 29577.283559714902
                        },
                        {
                            "period": 52,
                            "biomass": 46605.06797693499
                        },
                        {
                            "period": 53,
                            "biomass": 73503.44041411736
                        },
                        {
                            "period": 54,
                            "biomass": 110462.14555612562
                        },
                        {
                            "period": 55,
                            "biomass": 157500.0
                        }
                    ]
                },
                {
                    "tank": 3,
                    "start_period": 60,
                    "start_cause": "transfer",
                    "transfer": {
                        "period": 59,
                        "from_tank": 1,
                        "biomass": 76306.78175424956
                    },
                    "end_period": 65,
                    "end_cause": "harvest",
                    "period_biomasses": [
                        {
                            "period": 60,
                            "biomass": 81325.88315350511
                        },
                        {
                            "period": 61,
                            "biomass": 91562.77631220949
                        },
                        {
                            "period": 62,
                            "biomass": 104152.79321199251
                        },
                        {
                            "period": 63,
                            "biomass": 119386.2928819102
                        },
                        {
                            "period": 64,
                            "biomass": 136942.95009026147
                        },
                        {
                            "period": 65,
                            "biomass": 157500.0
                        }
                    ]
                }
            ]
        },
        {
            "deploy_period": 60,
            "module": 1,
            "tank_cycles": [
                {
                    "tank": 4,
                    "start_period": 60,
                    "start_cause": "deploy",
                    "end_period": 66,
                    "end_cause": "post_smolt",
                    "period_biomasses": [
                        {
                            "period": 60,
                            "biomass": 16650.564420171417
                        },
                        {
                            "period": 61,
                            "biomass": 24062.712693879213
                        },
                        {
                            "period": 62,
                            "biomass": 35493.15725319576
                        },
                        {
                            "period": 63,
                            "biomass": 52758.501756130936
                        },
                        {
                            "period": 64,
                            "biomass": 77409.62208712741
                        },
                        {
                            "period": 65,
                            "biomass": 112844.06701611352
                        },
                        {
                            "period": 66,
                            "biomass": 157500.00000000032
                        }
                    ]
                },
                {
                    "tank": 5,
                    "start_period": 60,
                    "start_cause": "deploy",
                    "end_period": 66,
                    "end_cause": "post_smolt",
                    "period_biomasses": [
                        {
                            "period": 60,
                            "biomass": 16650.564420171384
                        },
                        {
                            "period": 61,
                            "biomass": 24062.712693879166
                        },
                        {
                            "period": 62,
                            "biomass": 35493.157253195684
                        },
                        {
                            "period": 63,
                            "biomass": 52758.50175613083
                        },
                        {
                            "period": 64,
                            "biomass": 77409.62208712725
                        },
                        {
                            "period": 65,
                            "biomass": 112844.0670161133
                        },
                        {
                            "period": 66,
                            "biomass": 157500.0
                        }
                    ]
                },
                {
                    "tank": 6,
                    "start_period": 60,
                    "start_cause": "deploy",
                    "end_period": 66,
                    "end_cause": "post_smolt",
                    "period_biomasses": [
                        {
                            "period": 60,
                            "biomass": 16650.564420171384
                        },
                        {
                            "period": 61,
                            "biomass": 24062.712693879166
                        },
                        {
                            "period": 62,
                            "biomass": 35493.157253195684
                        },
                        {
                            "period": 63,
                            "biomass": 52758.50175613083
                        },
                        {
                            "period": 64,
                            "biomass": 77409.62208712725
                        },
                        {
                            "period": 65,
                            "biomass": 112844.0670161133
                        },
                        {
                            "period": 66,
                            "biomass": 157500.0
                        }
                    ]
                },
                {
                    "tank": 7,
                    "start_period": 60,
                    "start_cause": "deploy",
                    "end_period": 66,
                    "end_cause": "post_smolt",
                    "period_biomasses": [
                        {
                            "period": 60,
                            "biomass": 16650.564420171384
                        },
                        {
                            "period": 61,
                            "biomass": 24062.712693879166
                        },
                        {
                            "period": 62,
                            "biomass": 35493.157253195684
                        },
                        {
                            "period": 63,
                            "biomass": 52758.50175613083
                        },
                        {
                            "period": 64,
                            "biomass": 77409.62208712725
                        },
                        {
                            "period": 65,
                            "biomass": 112844.0670161133
                        },
                        {
                            "period": 66,
                            "biomass": 157500.0
                        }
                    ]
                }
            ]
        },
        {
            "deploy_period": 67,
            "module": 0,
            "tank_cycles": [
                {
                    "tank": 0,
                    "start_period": 67,
                    "start_cause": "deploy",
                    "end_period": 81,
                    "end_cause": "harvest",
                    "period_biomasses": [
                        {
                            "period": 67,
                            "biomass": 16350.637573227848
                        },
                        {
                            "period": 68,
                            "biomass": 28770.598878514797
                        },
                        {
                            "period": 69,
                            "biomass": 45961.132809275645
                        },
                        {
                            "period": 70,
                            "biomass": 67299.92922875923
                        },
                        {
                            "period": 71,
                            "biomass": 90980.7572310759
                        },
                        {
                            "period": 72,
                            "biomass": 115240.78908407067
                        },
                        {
                            "period": 73,
                            "biomass": 143096.96781256294
                        },
                        {
                            "period": 74,
                            "biomass": 179157.86512969848
                        },
                        {
                            "period": 75,
                            "biomass": 224999.9999999999
                        },
                        {
                            "period": 76,
                            "biomass": 133864.14214804838
                        },
                        {
                            "period": 77,
                            "biomass": 166976.1705407161
                        },
                        {
                            "period": 78,
                            "biomass": 96806.04638452978
                        },
                        {
                            "period": 79,
                            "biomass": 115849.6139479808
                        },
                        {
                            "period": 80,
                            "biomass": 136671.9358523976
                        },
                        {
                            "period": 81,
                            "biomass": 157500.0
                        }
                    ]
                },
                {
                    "tank": 1,
                    "start_period": 67,
                    "start_cause": "deploy",
                    "end_period": 73,
                    "end_cause": "post_smolt",
                    "period_biomasses": [
                        {
                            "period": 67,
                            "biomass": 17996.366080632622
                        },
                        {
                            "period": 68,
                            "biomass": 31666.424471701885
                        },
                        {
                            "period": 69,
                            "biomass": 50587.22437042017
                        },
                        {
                            "period": 70,
                            "biomass": 74073.81872279612
                        },
                        {
                            "period": 71,
                            "biomass": 100138.17541308113
                        },
                        {
                            "period": 72,
                            "biomass": 126840.03412647886
                        },
                        {
                            "period": 73,
                            "biomass": 157500.0
                        }
                    ]
                },
                {
                    "tank": 1,
                    "start_period": 76,
                    "start_cause": "transfer",
                    "transfer": {
                        "period": 75,
                        "from_tank": 0,
                        "biomass": 117721.56369463922
                    },
                    "end_period": 81,
                    "end_cause": "harvest",
                    "period_biomasses": [
                        {
                            "period": 76,
                            "biomass": 132055.32140481466
                        },
                        {
                            "period": 77,
                            "biomass": 164719.92808434722
                        },
                        {
                            "period": 78,
                            "biomass": 96806.04638452978
                        },
                        {
                            "period": 79,
                            "biomass": 115849.6139479808
                        },
                        {
                            "period": 80,
                            "biomass": 136671.9358523976
                        },
                        {
                            "period": 81,
                            "biomass": 157500.0
                        }
                    ]
                },
                {
                    "tank": 2,
                    "start_period": 67,
                    "start_cause": "deploy",
                    "end_period": 73,
                    "end_cause": "post_smolt",
                    "period_biomasses": [
                        {
                            "period": 67,
                            "biomass": 17996.366080632622
                        },
                        {
                            "period": 68,
                            "biomass": 31666.424471701885
                        },
                        {
                            "period": 69,
                            "biomass": 50587.22437042017
                        },
                        {
                            "period": 70,
                            "biomass": 74073.81872279612
                        },
                        {
                            "period": 71,
                            "biomass": 100138.17541308113
                        },
                        {
                            "period": 72,
                            "biomass": 126840.03412647886
                        },
                        {
                            "period": 73,
                            "biomass": 157500.0
                        }
                    ]
                },
                {
                    "tank": 2,
                    "start_period": 78,
                    "start_cause": "transfer",
                    "transfer": {
                        "period": 77,
                        "from_tank": 0,
                        "biomass": 87474.35561453283
                    },
                    "end_period": 81,
                    "end_cause": "harvest",
                    "period_biomasses": [
                        {
                            "period": 78,
                            "biomass": 96806.04638452978
                        },
                        {
                            "period": 79,
                            "biomass": 115849.6139479808
                        },
                        {
                            "period": 80,
                            "biomass": 136671.9358523976
                        },
                        {
                            "period": 81,
                            "biomass": 157500.0
                        }
                    ]
                },
                {
                    "tank": 3,
                    "start_period": 67,
                    "start_cause": "deploy",
                    "end_period": 73,
                    "end_cause": "post_smolt",
                    "period_biomasses": [
                        {
                            "period": 67,
                            "biomass": 17996.366080632622
                        },
                        {
                            "period": 68,
                            "biomass": 31666.424471701885
                        },
                        {
                            "period": 69,
                            "biomass": 50587.22437042017
                        },
                        {
                            "period": 70,
                            "biomass": 74073.81872279612
                        },
                        {
                            "period": 71,
                            "biomass": 100138.17541308113
                        },
                        {
                            "period": 72,
                            "biomass": 126840.03412647886
                        },
                        {
                            "period": 73,
                            "biomass": 157500.0
                        }
                    ]
                },
                {
                    "tank": 3,
                    "start_period": 78,
                    "start_cause": "transfer",
                    "transfer": {
                        "period": 77,
                        "from_tank": 1,
                        "biomass": 85218.11315814889
                    },
                    "end_period": 81,
                    "end_cause": "harvest",
                    "period_biomasses": [
                        {
                            "period": 78,
                            "biomass": 94309.10987836758
                        },
                        {
                            "period": 79,
                            "biomass": 112861.4831328612
                        },
                        {
                            "period": 80,
                            "biomass": 133146.730984076
                        },
                        {
                            "period": 81,
                            "biomass": 153437.57296772124
                        }
                    ]
                }
            ]
        },
        {
            "deploy_period": 68,
            "module": 1,
            "tank_cycles": [
                {
                    "tank": 4,
                    "start_period": 68,
                    "start_cause": "deploy",
                    "end_period": 84,
                    "end_cause": "harvest",
                    "period_biomasses": [
                        {
                            "period": 68,
                            "biomass": 14075.83570857851
                        },
                        {
                            "period": 69,
                            "biomass": 23667.6533469039
                        },
                        {
                            "period": 70,
                            "biomass": 36429.641797314885
                        },
                        {
                            "period": 71,
                            "biomass": 51444.98534207241
                        },
                        {
                            "period": 72,
                            "biomass": 67572.93224981263
                        },
                        {
                            "period": 73,
                            "biomass": 86769.61064678009
                        },
                        {
                            "period": 74,
                            "biomass": 112241.24512353388
                        },
                        {
                            "period": 75,
                            "biomass": 145633.5023485268
                        },
                        {
                            "period": 76,
                            "biomass": 187275.22997048346
                        },
                        {
                            "period": 77,
                            "biomass": 112960.76798269551
                        },
                        {
                            "period": 78,
                            "biomass": 140891.87905169715
                        },
                        {
                            "period": 79,
                            "biomass": 81863.1096278016
                        },
                        {
                            "period": 80,
                            "biomass": 98188.90207357929
                        },
                        {
                            "period": 81,
                            "biomass": 114751.99104604358
                        },
                        {
                            "period": 82,
                            "biomass": 130640.78429374562
                        },
                        {
                            "period": 83,
                            "biomass": 145053.54835010465
                        },
                        {
                            "period": 84,
                            "biomass": 157500.0
                        }
                    ]
                },
                {
                    "tank": 5,
                    "start_period": 68,
                    "start_cause": "deploy",
                    "end_period": 74,
                    "end_cause": "post_smolt",
                    "period_biomasses": [
                        {
                            "period": 68,
                            "biomass": 19751.59952708226
                        },
                        {
                            "period": 69,
                            "biomass": 33211.10165906186
                        },
                        {
                            "period": 70,
                            "biomass": 51119.074603655354
                        },
                        {
                            "period": 71,
                            "biomass": 72189.01734793317
                        },
                        {
                            "period": 72,
                            "biomass": 94820.19570998152
                        },
                        {
                            "period": 73,
                            "biomass": 121757.50243884671
                        },
                        {
                            "period": 74,
                            "biomass": 157499.9999999999
                        }
                    ]
                },
                {
                    "tank": 5,
                    "start_period": 77,
                    "start_cause": "transfer",
                    "transfer": {
                        "period": 76,
                        "from_tank": 4,
                        "biomass": 99178.31053529376
                    },
                    "end_period": 84,
                    "end_cause": "harvest",
                    "period_biomasses": [
                        {
                            "period": 77,
                            "biomass": 112960.76798269559
                        },
                        {
                            "period": 78,
                            "biomass": 140891.87905169724
                        },
                        {
                            "period": 79,
                            "biomass": 81863.10962780168
                        },
                        {
                            "period": 80,
                            "biomass": 98188.90207357939
                        },
                        {
                            "period": 81,
                            "biomass": 114751.9910460437
                        },
                        {
                            "period": 82,
                            "biomass": 130640.78429374575
                        },
                        {
                            "period": 83,
                            "biomass": 145053.5483501048
                        },
                        {
                            "period": 84,
                            "biomass": 157500.0
                        }
                    ]
                },
                {
                    "tank": 6,
                    "start_period": 68,
                    "start_cause": "deploy",
                    "end_period": 74,
                    "end_cause": "post_smolt",
                    "period_biomasses": [
                        {
                            "period": 68,
                            "biomass": 19751.599527082293
                        },
                        {
                            "period": 69,
                            "biomass": 33211.10165906192
                        },
                        {
                            "period": 70,
                            "biomass": 51119.074603655434
                        },
                        {
                            "period": 71,
                            "biomass": 72189.01734793329
                        },
                        {
                            "period": 72,
                            "biomass": 94820.19570998166
                        },
                        {
                            "period": 73,
                            "biomass": 121757.5024388469
                        },
                        {
                            "period": 74,
                            "biomass": 157500.0
                        }
                    ]
                },
                {
                    "tank": 6,
                    "start_period": 79,
                    "start_cause": "transfer",
                    "transfer": {
                        "period": 78,
                        "from_tank": 4,
                        "biomass": 73854.8971163733
                    },
                    "end_period": 84,
                    "end_cause": "harvest",
                    "period_biomasses": [
                        {
                            "period": 79,
                            "biomass": 81863.1096278016
                        },
                        {
                            "period": 80,
                            "biomass": 98188.90207357929
                        },
                        {
                            "period": 81,
                            "biomass": 114751.99104604358
                        },
                        {
                            "period": 82,
                            "biomass": 130640.78429374562
                        },
                        {
                            "period": 83,
                            "biomass": 145053.54835010465
                        },
                        {
                            "period": 84,
                            "biomass": 157500.0
                        }
                    ]
                },
                {
                    "tank": 7,
                    "start_period": 68,
                    "start_cause": "deploy",
                    "end_period": 74,
                    "end_cause": "post_smolt",
                    "period_biomasses": [
                        {
                            "period": 68,
                            "biomass": 19751.599527082286
                        },
                        {
                            "period": 69,
                            "biomass": 33211.101659061904
                        },
                        {
                            "period": 70,
                            "biomass": 51119.07460365542
                        },
                        {
                            "period": 71,
                            "biomass": 72189.01734793326
                        },
                        {
                            "period": 72,
                            "biomass": 94820.19570998164
                        },
                        {
                            "period": 73,
                            "biomass": 121757.50243884686
                        },
                        {
                            "period": 74,
                            "biomass": 157500.0
                        }
                    ]
                },
                {
                    "tank": 7,
                    "start_period": 79,
                    "start_cause": "transfer",
                    "transfer": {
                        "period": 78,
                        "from_tank": 5,
                        "biomass": 73854.8971163733
                    },
                    "end_period": 84,
                    "end_cause": "harvest",
                    "period_biomasses": [
                        {
                            "period": 79,
                            "biomass": 81863.1096278016
                        },
                        {
                            "period": 80,
                            "biomass": 98188.90207357929
                        },
                        {
                            "period": 81,
                            "biomass": 114751.99104604358
                        },
                        {
                            "period": 82,
                            "biomass": 130640.78429374562
                        },
                        {
                            "period": 83,
                            "biomass": 145053.54835010465
                        },
                        {
                            "period": 84,
                            "biomass": 157500.0
                        }
                    ]
                }
            ]
        }
    ]
}