{
    "modules": [
        {
            "module_index": 0,
            "tank_indices": [
                0,
                1,
                2,
                3
            ],
            "tank_transfers": [
                {
                    "from": 0,
                    "to": 1
                },
                {
                    "from": 0,
                    "to": 2
                },
                {
                    "from": 1,
                    "to": 3
                }
            ]
        },
        {
            "module_index": 1,
            "tank_indices": [
                4,
                5,
                6,
                7
            ],
            "tank_transfers": [
                {
                    "from": 4,
                    "to": 5
                },
                {
                    "from": 4,
                    "to": 6
                },
                {
                    "from": 5,
                    "to": 7
                }
            ]
        }
    ],
    "pre_planning_horizon": {
        "first_year": 2021,
        "first_period": 0,
        "last_period": 23,
        "deploy_periods": [
            6,
            7,
            8,
            12,
            13,
            14,
            18,
            19,
            20
        ]
    },
    "planning_horizon": {
        "first_year": 2023,
        "first_period": 24,
        "last_ordinary_horizon_period": 71,
        "last_period": 85,
        "deploy_periods": [
            24,
            25,
            26,
            30,
            31,
            32,
            36,
            37,
            38,
            42,
            43,
            44,
            48,
            49,
            50,
            54,
            55,
            56,
            60,
            61,
            62,
            66,
            67,
            68,
            72,
            73,
            74
        ]
    },
    "production_cycles": [
        {
            "deploy_period": 20,
            "module": 1,
            "tank_cycles": [
                {
                    "tank": 4,
                    "start_period": 24,
                    "start_cause": "pre_planning_deploy",
                    "end_period": 35,
                    "end_cause": "harvest",
                    "period_biomasses": [
                        {
                            "period": 24,
                            "biomass": 31787.0
                        },
                        {
                            "period": 25,
                            "biomass": 40817.31429727688
                        },
                        {
                            "period": 26,
                            "biomass": 52799.432257161825
                        },
                        {
                            "period": 27,
                            "biomass": 68507.49234972641
                        },
                        {
                            "period": 28,
                            "biomass": 88096.18787984832
                        },
                        {
                            "period": 29,
                            "biomass": 112959.82995837284
                        },
                        {
                            "period": 30,
                            "biomass": 140890.70908789663
                        },
                        {
                            "period": 31,
                            "biomass": 88887.44820815304
                        },
                        {
                            "period": 32,
                            "biomass": 106614.09012389444
                        },
                        {
                            "period": 33,
                            "biomass": 124598.39001062825
                        },
                        {
                            "period": 34,
                            "biomass": 141850.5356146297
                        },
                        {
                            "period": 35,
                            "biomass": 157500.0
                        }
                    ]
                },
                {
                    "tank": 5,
                    "start_period": 24,
                    "start_cause": "pre_planning_deploy",
                    "end_period": 35,
                    "end_cause": "harvest",
                    "period_biomasses": [
                        {
                            "period": 24,
                            "biomass": 31787.0
                        },
                        {
                            "period": 25,
                            "biomass": 40817.31429727688
                        },
                        {
                            "period": 26,
                            "biomass": 52799.432257161825
                        },
                        {
                            "period": 27,
                            "biomass": 68507.49234972641
                        },
                        {
                            "period": 28,
                            "biomass": 88096.18787984869
                        },
                        {
                            "period": 29,
                            "biomass": 112959.8299583733
                        },
                        {
                            "period": 30,
                            "biomass": 140890.7090878973
                        },
                        {
                            "period": 31,
                            "biomass": 88887.44820815304
                        },
                        {
                            "period": 32,
                            "biomass": 106614.09012389444
                        },
                        {
                            "period": 33,
                            "biomass": 124598.39001062825
                        },
                        {
                            "period": 34,
                            "biomass": 141850.5356146297
                        },
                        {
                            "period": 35,
                            "biomass": 157500.0
                        }
                    ]
                },
                {
                    "tank": 6,
                    "start_period": 24,
                    "start_cause": "pre_planning_deploy",
                    "end_period": 26,
                    "end_cause": "post_smolt",
                    "period_biomasses": [
                        {
                            "period": 24,
                            "biomass": 94820.0
                        },
                        {
                            "period": 25,
                            "biomass": 121757.2511299523
                        },
                        {
                            "period": 26,
                            "biomass": 157499.67491817675
                        }
                    ]
                },
                {
                    "tank": 6,
                    "start_period": 31,
                    "start_cause": "transfer",
                    "transfer": {
                        "period": 30,
                        "from_tank": 4,
                        "biomass": 68101.55794400537
                    },
                    "end_period": 35,
                    "end_cause": "harvest",
                    "period_biomasses": [
                        {
                            "period": 31,
                            "biomass": 75485.9260721689
                        },
                        {
                            "period": 32,
                            "biomass": 90539.92985036185
                        },
                        {
                            "period": 33,
                            "biomass": 105812.74461865873
                        },
                        {
                            "period": 34,
                            "biomass": 120463.79168888499
                        },
                        {
                            "period": 35,
                            "biomass": 133753.79309489616
                        }
                    ]
                },
                {
                    "tank": 7,
                    "start_period": 24,
                    "start_cause": "pre_planning_deploy",
                    "end_period": 26,
                    "end_cause": "post_smolt",
                    "period_biomasses": [
                        {
                            "period": 24,
                            "biomass": 94820.0
                        },
                        {
                            "period": 25,
                            "biomass": 121757.2511299523
                        },
                        {
                            "period": 26,
                            "biomass": 157499.67491817675
                        }
                    ]
                },
                {
                    "tank": 7,
                    "start_period": 31,
                    "start_cause": "transfer",
                    "transfer": {
                        "period": 30,
                        "from_tank": 5,
                        "biomass": 68101.55794400602
                    },
                    "end_period": 35,
                    "end_cause": "harvest",
                    "period_biomasses": [
                        {
                            "period": 31,
                            "biomass": 75485.92607216955
                        },
                        {
                            "period": 32,
                            "biomass": 90539.9298503626
                        },
                        {
                            "period": 33,
                            "biomass": 105812.74461865962
                        },
                        {
                            "period": 34,
                            "biomass": 120463.79168888599
                        },
                        {
                            "period": 35,
                            "biomass": 133753.7930948973
                        }
                    ]
                }
            ]
        },
        {
            "deploy_period": 24,
            "module": 0,
            "tank_cycles": [
                {
                    "tank": 0,
                    "start_period": 24,
                    "start_cause": "deploy",
                    "end_period": 30,
                    "end_cause": "post_smolt",
                    "period_biomasses": [
                        {
                            "period": 24,
                            "biomass": 16650.564420171384
                        },
                        {
                            "period": 25,
                            "biomass": 24062.712693879166
                        },
                        {
                            "period": 26,
                            "biomass": 35493.157253195684
                        },
                        {
                            "period": 27,
                            "biomass": 52758.50175613083
                        },
                        {
                            "period": 28,
                            "biomass": 77409.62208712725
                        },
                        {
                            "period": 29,
                            "biomass": 112844.0670161133
                        },
                        {
                            "period": 30,
                            "biomass": 157500.0
                        }
                    ]
                },
                {
                    "tank": 1,
                    "start_period": 24,
                    "start_cause": "deploy",
                    "end_period": 30,
                    "end_cause": "post_smolt",
                    "period_biomasses": [
                        {
                            "period": 24,
                            "biomass": 16650.564420171384
                        },
                        {
                            "period": 25,
                            "biomass": 24062.712693879166
                        },
                        {
                            "period": 26,
                            "biomass": 35493.157253195684
                        },
                        {
                            "period": 27,
                            "biomass": 52758.50175613083
                        },
                        {
                            "period": 28,
                            "biomass": 77409.62208712725
                        },
                        {
                            "period": 29,
                            "biomass": 112844.0670161133
                        },
                        {
                            "period": 30,
                            "biomass": 157500.0
                        }
                    ]
                },
                {
                    "tank": 2,
                    "start_period": 24,
                    "start_cause": "deploy",
                    "end_period": 30,
                    "end_cause": "post_smolt",
                    "period_biomasses": [
                        {
                            "period": 24,
                            "biomass": 16650.564420171384
                        },
                        {
                            "period": 25,
                            "biomass": 24062.712693879166
                        },
                        {
                            "period": 26,
                            "biomass": 35493.157253195684
                        },
                        {
                            "period": 27,
                            "biomass": 52758.50175613083
                        },
                        {
                            "period": 28,
                            "biomass": 77409.62208712725
                        },
                        {
                            "period": 29,
                            "biomass": 112844.0670161133
                        },
                        {
                            "period": 30,
                            "biomass": 157500.0
                        }
                    ]
                },
                {
                    "tank": 3,
                    "start_period": 24,
                    "start_cause": "deploy",
                    "end_period": 30,
                    "end_cause": "post_smolt",
                    "period_biomasses": [
                        {
                            "period": 24,
                            "biomass": 16650.564420171384
                        },
                        {
                            "period": 25,
                            "biomass": 24062.712693879166
                        },
                        {
                            "period": 26,
                            "biomass": 35493.157253195684
                        },
                        {
                            "period": 27,
                            "biomass": 52758.50175613083
                        },
                        {
                            "period": 28,
                            "biomass": 77409.62208712725
                        },
                        {
                            "period": 29,
                            "biomass": 112844.0670161133
                        },
                        {
                            "period": 30,
                            "biomass": 157500.0
                        }
                    ]
                }
            ]
        },
        {
            "deploy_period": 32,
            "module": 0,
            "tank_cycles": [
                {
                    "tank": 0,
                    "start_period": 32,
                    "start_cause": "deploy",
                    "end_period": 47,
                    "end_cause": "harvest",
                    "period_biomasses": [
                        {
                            "period": 32,
                            "biomass": 7189.633849959068
                        },
                        {
                            "period": 33,
                            "biomass": 12088.927803291446
                        },
                        {
                            "period": 34,
                            "biomass": 18607.476758785582
                        },
                        {
                            "period": 35,
                            "biomass": 26276.99098538032
                        },
                        {
                            "period": 36,
                            "biomass": 34514.799057235236
                        },
                        {
                            "period": 37,
                            "biomass": 44320.04910896047
                        },
                        {
                            "period": 38,
                            "biomass": 57330.4116365824
                        },
                        {
                            "period": 39,
                            "biomass": 74386.45774580447
                        },
                        {
                            "period": 40,
                            "biomass": 95656.15573603695
                        },
                        {
                            "period": 41,
                            "biomass": 122653.46942311947
                        },
                        {
                            "period": 42,
                            "biomass": 152981.23488218887
                        },
                        {
                            "period": 43,
                            "biomass": 88887.44820815304
                        },
                        {
                            "period": 44,
                            "biomass": 106614.09012389444
                        },
                        {
                            "period": 45,
                            "biomass": 124598.39001062825
                        },
                        {
                            "period": 46,
                            "biomass": 141850.5356146297
                        },
                        {
                            "period": 47,
                            "biomass": 157500.0
                        }
                    ]
                },
                {
                    "tank": 1,
                    "start_period": 32,
                    "start_cause": "deploy",
                    "end_period": 47,
                    "end_cause": "harvest",
                    "period_biomasses": [
                        {
                            "period": 32,
                            "biomass": 7189.633849959067
                        },
                        {
                            "period": 33,
                            "biomass": 12088.927803291446
                        },
                        {
                            "period": 34,
                            "biomass": 18607.47675878558
                        },
                        {
                            "period": 35,
                            "biomass": 26276.990985380315
                        },
                        {
                            "period": 36,
                            "biomass": 34514.79905723523
                        },
                        {
                            "period": 37,
                            "biomass": 44320.04910896046
                        },
                        {
                            "period": 38,
                            "biomass": 57330.41163658237
                        },
                        {
                            "period": 39,
                            "biomass": 74386.45774580447
                        },
                        {
                            "period": 40,
                            "biomass": 95656.15573603695
                        },
                        {
                            "period": 41,
                            "biomass": 122653.46942311947
                        },
                        {
                            "period": 42,
                            "biomass": 152981.23488218887
                        },
                        {
                            "period": 43,
                            "biomass": 88887.44820815304
                        },
                        {
                            "period": 44,
                            "biomass": 106614.09012389444
                        },
                        {
                            "period": 45,
                            "biomass": 124598.39001062825
                        },
                        {
                            "period": 46,
                            "biomass": 141850.5356146297
                        },
                        {
                            "period": 47,
                            "biomass": 157500.0
                        }
                    ]
                },
                {
                    "tank": 2,
                    "start_period": 32,
                    "start_cause": "deploy",
                    "end_period": 38,
                    "end_cause": "post_smolt",
                    "period_biomasses": [
                        {
                            "period": 32,
                            "biomass": 19751.59952708228
                        },
                        {
                            "period": 33,
                            "biomass": 33211.10165906189
                        },
                        {
                            "period": 34,
                            "biomass": 51119.0746036554
                        },
                        {
                            "period": 35,
                            "biomass": 72189.01734793323
                        },
                        {
                            "period": 36,
                            "biomass": 94820.19570998159
                        },
                        {
                            "period": 37,
                            "biomass": 121757.50243884682
                        },
                        {
                            "period": 38,
                            "biomass": 157500.0
                        }
                    ]
                },
                {
                    "tank": 2,
                    "start_period": 43,
                    "start_cause": "transfer",
                    "transfer": {
                        "period": 42,
                        "from_tank": 0,
                        "biomass": 80192.0837382976
                    },
                    "end_period": 47,
                    "end_cause": "harvest",
                    "period_biomasses": [
                        {
                            "period": 43,
                            "biomass": 88887.44820815304
                        },
                        {
                            "period": 44,
                            "biomass": 106614.09012389444
                        },
                        {
                            "period": 45,
                            "biomass": 124598.39001062825
                        },
                        {
                            "period": 46,
                            "biomass": 141850.5356146297
                        },
                        {
                            "period": 47,
                            "biomass": 157500.0
                        }
                    ]
                },
                {
                    "tank": 3,
                    "start_period": 32,
                    "start_cause": "deploy",
                    "end_period": 38,
                    "end_cause": "post_smolt",
                    "period_biomasses": [
                        {
                            "period": 32,
                            "biomass": 19751.59952708228
                        },
                        {
                            "period": 33,
                            "biomass": 33211.10165906189
                        },
                        {
                            "period": 34,
                            "biomass": 51119.0746036554
                        },
                        {
                            "period": 35,
                            "biomass": 72189.01734793323
                        },
                        {
                            "period": 36,
                            "biomass": 94820.19570998159
                        },
                        {
                            "period": 37,
                            "biomass": 121757.50243884682
                        },
                        {
                            "period": 38,
                            "biomass": 157500.0
                        }
                    ]
                },
                {
                    "tank": 3,
                    "start_period": 43,
                    "start_cause": "transfer",
                    "transfer": {
                        "period": 42,
                        "from_tank": 1,
                        "biomass": 80192.08373829762
                    },
                    "end_period": 47,
                    "end_cause": "harvest",
                    "period_biomasses": [
                        {
                            "period": 43,
                            "biomass": 88887.44820815306
                        },
                        {
                            "period": 44,
                            "biomass": 106614.09012389446
                        },
                        {
                            "period": 45,
                            "biomass": 124598.39001062828
                        },
                        {
                            "period": 46,
                            "biomass": 141850.53561462974
                        },
                        {
                            "period": 47,
                            "biomass": 157500.0
                        }
                    ]
                }
            ]
        },
        {
            "deploy_period": 37,
            "module": 1,
            "tank_cycles": [
                {
                    "tank": 4,
                    "start_period": 37,
                    "start_cause": "deploy",
                    "end_period": 52,
                    "end_cause": "harvest",
                    "period_biomasses": [
                        {
                            "period": 37,
                            "biomass": 7209.1791928199045
                        },
                        {
                            "period": 38,
                            "biomass": 10895.759000465174
                        },
                        {
                            "period": 39,
                            "biomass": 16707.56015327597
                        },
                        {
                            "period": 40,
                            "biomass": 25344.27671448242
                        },
                        {
                            "period": 41,
                            "biomass": 38296.17246127973
                        },
                        {
                            "period": 42,
                            "biomass": 55242.51958395874
                        },
                        {
                            "period": 43,
                            "biomass": 76141.60695869135
                        },
                        {
                            "period": 44,
                            "biomass": 100907.22586286967
                        },
                        {
                            "period": 45,
                            "biomass": 127202.45949936508
                        },
                        {
                            "period": 46,
                            "biomass": 153830.72458038878
                        },
                        {
                            "period": 47,
                            "biomass": 86085.29163356501
                        },
                        {
                            "period": 48,
                            "biomass": 96747.79748616352
                        },
                        {
                            "period": 49,
                            "biomass": 108030.18247193922
                        },
                        {
                            "period": 50,
                            "biomass": 121858.91201157626
                        },
                        {
                            "period": 51,
                            "biomass": 138448.8211564337
                        },
                        {
                            "period": 52,
                            "biomass": 157500.0
                        }
                    ]
                },
                {
                    "tank": 5,
                    "start_period": 37,
                    "start_cause": "deploy",
                    "end_period": 52,
                    "end_cause": "harvest",
                    "period_biomasses": [
                        {
                            "period": 37,
                            "biomass": 7209.17919281997
                        },
                        {
                            "period": 38,
                            "biomass": 10895.759000465274
                        },
                        {
                            "period": 39,
                            "biomass": 16707.56015327612
                        },
                        {
                            "period": 40,
                            "biomass": 25344.276714482654
                        },
                        {
                            "period": 41,
                            "biomass": 38296.17246128008
                        },
                        {
                            "period": 42,
                            "biomass": 55242.51958395858
                        },
                        {
                            "period": 43,
                            "biomass": 76141.60695869112
                        },
                        {
                            "period": 44,
                            "biomass": 100907.22586286938
                        },
                        {
                            "period": 45,
                            "biomass": 127202.45949936472
                        },
                        {
                            "period": 46,
                            "biomass": 153830.72458038834
                        },
                        {
                            "period": 47,
                            "biomass": 86085.29163356498
                        },
                        {
                            "period": 48,
                            "biomass": 96747.79748616347
                        },
                        {
                            "period": 49,
                            "biomass": 108030.18247193917
                        },
                        {
                            "period": 50,
                            "biomass": 121858.91201157622
                        },
                        {
                            "period": 51,
                            "biomass": 138448.82115643364
                        },
                        {
                            "period": 52,
                            "biomass": 157499.99999999994
                        }
                    ]
                },
                {
                    "tank": 6,
                    "start_period": 37,
                    "start_cause": "deploy",
                    "end_period": 43,
                    "end_cause": "post_smolt",
                    "period_biomasses": [
                        {
                            "period": 37,
                            "biomass": 14912.289984698169
                        },
                        {
                            "period": 38,
                            "biomass": 22538.032898411926
                        },
                        {
                            "period": 39,
                            "biomass": 34559.82647658173
                        },
                        {
                            "period": 40,
                            "biomass": 52424.997868718776
                        },
                        {
                            "period": 41,
                            "biomass": 79216.1789535479
                        },
                        {
                            "period": 42,
                            "biomass": 114269.93968217453
                        },
                        {
                            "period": 43,
                            "biomass": 157500.0
                        }
                    ]
                },
                {
                    "tank": 6,
                    "start_period": 47,
                    "start_cause": "transfer",
                    "transfer": {
                        "period": 46,
                        "from_tank": 4,
                        "biomass": 79776.46993802716
                    },
                    "end_period": 52,
                    "end_cause": "harvest",
                    "period_biomasses": [
                        {
                            "period": 47,
                            "biomass": 86085.2916335649
                        },
                        {
                            "period": 48,
                            "biomass": 96747.79748616341
                        },
                        {
                            "period": 49,
                            "biomass": 108030.1824719391
                        },
                        {
                            "period": 50,
                            "biomass": 121858.91201157613
                        },
                        {
                            "period": 51,
                            "biomass": 138448.82115643355
                        },
                        {
                            "period": 52,
                            "biomass": 157499.99999999985
                        }
                    ]
                },
                {
                    "tank": 7,
                    "start_period": 37,
                    "start_cause": "deploy",
                    "end_period": 43,
                    "end_cause": "post_smolt",
                    "period_biomasses": [
                        {
                            "period": 37,
                            "biomass": 14912.289984698094
                        },
                        {
                            "period": 38,
                            "biomass": 22538.032898411813
                        },
                        {
                            "period": 39,
                            "biomass": 34559.826476581555
                        },
                        {
                            "period": 40,
                            "biomass": 52424.997868718514
                        },
                        {
                            "period": 41,
                            "biomass": 79216.17895354751
                        },
                        {
                            "period": 42,
                            "biomass": 114269.93968217453
                        },
                        {
                            "period": 43,
                            "biomass": 157500.0
                        }
                    ]
                },
                {
                    "tank": 7,
                    "start_period": 47,
                    "start_cause": "transfer",
                    "transfer": {
                        "period": 46,
                        "from_tank": 5,
                        "biomass": 79776.46993802674
                    },
                    "end_period": 52,
                    "end_cause": "harvest",
                    "period_biomasses": [
                        {
                            "period": 47,
                            "biomass": 86085.29163356445
                        },
                        {
                            "period": 48,
                            "biomass": 96747.79748616289
                        },
                        {
                            "period": 49,
                            "biomass": 108030.1824719385
                        },
                        {
                            "period": 50,
                            "biomass": 121858.91201157546
                        },
                        {
                            "period": 51,
                            "biomass": 138448.8211564328
                        },
                        {
                            "period": 52,
                            "biomass": 157499.99999999898
                        }
                    ]
                }
            ]
        },
        {
            "deploy_period": 50,
            "module": 0,
            "tank_cycles": [
                {
                    "tank": 0,
                    "start_period": 50,
                    "start_cause": "deploy",
                    "end_period": 65,
                    "end_cause": "harvest",
                    "period_biomasses": [
                        {
                            "period": 50,
                            "biomass": 6922.527439999769
                        },
                        {
                            "period": 51,
                            "biomass": 10947.77161651994
                        },
                        {
                            "period": 52,
                            "biomass": 17250.45639684124
                        },
                        {
                            "period": 53,
                            "biomass": 27206.652600722984
                        },
                        {
                            "period": 54,
                            "biomass": 40886.59255599681
                        },
                        {
                            "period": 55,
                            "biomass": 58297.2410607173
                        },
                        {
                            "period": 56,
                            "biomass": 79374.19556419576
                        },
                        {
                            "period": 57,
                            "biomass": 102228.10910883476
                        },
                        {
                            "period": 58,
                            "biomass": 125602.29674384104
                        },
                        {
                            "period": 59,
                            "biomass": 147905.88402271928
                        },
                        {
                            "period": 60,
                            "biomass": 81325.88315350511
                        },
                        {
                            "period": 61,
                            "biomass": 91562.77631220949
                        },
                        {
                            "period": 62,
                            "biomass": 104152.79321199251
                        },
                        {
                            "period": 63,
                            "biomass": 119386.2928819102
                        },
                        {
                            "period": 64,
                            "biomass": 136942.95009026147
                        },
                        {
                            "period": 65,
                            "biomass": 157500.0
                        }
                    ]
                },
                {
                    "tank": 1,
                    "start_period": 50,
                    "start_cause": "deploy",
                    "end_period": 65,
                    "end_cause": "harvest",
                    "period_biomasses": [
                        {
                            "period": 50,
                            "biomass": 6922.52743999967
                        },
                        {
                            "period": 51,
                            "biomass": 10947.771616519783
                        },
                        {
                            "period": 52,
                            "biomass": 17250.456396840993
                        },
                        {
                            "period": 53,
                            "biomass": 27206.652600722595
                        },
                        {
                            "period": 54,
                            "biomass": 40886.59255599623
                        },
                        {
                            "period": 55,
                            "biomass": 58297.241060716464
                        },
                        {
                            "period": 56,
                            "biomass": 79374.19556419463
                        },
                        {
                            "period": 57,
                            "biomass": 102228.10910883456
                        },
                        {
                            "period": 58,
                            "biomass": 125602.2967438408
                        },
                        {
                            "period": 59,
                            "biomass": 147905.88402271896
                        },
                        {
                            "period": 60,
                            "biomass": 81325.8831535051
                        },
                        {
                            "period": 61,
                            "biomass": 91562.77631220949
                        },
                        {
                            "period": 62,
                            "biomass": 104152.79321199251
                        },
                        {
                            "period": 63,
                            "biomass": 119386.2928819102
                        },
                        {
                            "period": 64,
                            "biomass": 136942.95009026147
                        },
                        {
                            "period": 65,
                            "biomass": 157500.0
                        }
                    ]
                },
                {
                    "tank": 2,
                    "start_period": 50,
                    "start_cause": "deploy",
                    "end_period": 55,
                    "end_cause": "post_smolt",
                    "period_biomasses": [
                        {
                            "period": 50,
                            "biomass": 18702.395721684316
                        },
                        {
                            "period": 51,
                            "biomass": 29577.283559714764
                        },
                        {
                            "period": 52,
                            "biomass": 46605.06797693477
                        },
                        {
                            "period": 53,
                            "biomass": 73503.44041411701
                        },
                        {
                            "period": 54,
                            "biomass": 110462.1455561251
                        },
                        {
                            "period": 55,
                            "biomass": 157499.99999999927
                        }
                    ]
                },
                {
                    "tank": 2,
                    "start_period": 60,
                    "start_cause": "transfer",
                    "transfer": {
                        "period": 59,
                        "from_tank": 0,
                        "biomass": 76306.7817542496
                    },
                    "end_period": 65,
                    "end_cause": "harvest",
                    "period_biomasses": [
                        {
                            "period": 60,
                            "biomass": 81325.88315350511
                        },
                        {
                            "period": 61,
                            "biomass": 91562.77631220949
                        },
                        {
                            "period": 62,
                            "biomass": 104152.79321199251
                        },
                        {
                            "period": 63,
                            "biomass": 119386.2928819102
                        },
                        {
                            "period": 64,
                            "biomass": 136942.95009026147
                        },
                        {
                            "period": 65,
                            "biomass": 157500.0
                        }
                    ]
                },
                {
                    "tank": 3,
                    "start_period": 50,
                    "start_cause": "deploy",
                    "end_period": 55,
                    "end_cause": "post_smolt",
                    "period_biomasses": [
                        {
                            "period": 50,
                            "biomass": 18702.395721684403
                        },
                        {
                            "period": 51,
                            "biomass": 29577.283559714902
                        },
                        {
                            "period": 52,
                            "biomass": 46605.06797693499
                        },
                        {
                            "period": 53,
                            "biomass": 73503.44041411736
                        },
                        {
                            "period": 54,
                            "biomass": 110462.14555612562
                        },
                        {
                            "period": 55,
                            "biomass": 157500.0
                        }
                    ]
                },
                {
                    "tank": 3,
                    "start_period": 60,
                    "start_cause": "transfer",
                    "transfer": {
                        "period": 59,
                        "from_tank": 1,
                        "biomass": 76306.78175424934
                    },
                    "end_period": 65,
                    "end_cause": "harvest",
                    "period_biomasses": [
                        {
                            "period": 60,
                            "biomass": 81325.88315350481
                        },
                        {
                            "period": 61,
                            "biomass": 91562.77631220917
                        },
                        {
                            "period": 62,
                            "biomass": 104152.79321199213
                        },
                        {
                            "period": 63,
                            "biomass": 119386.29288190976
                        },
                        {
                            "period": 64,
                            "biomass": 136942.95009026097
                        },
                        {
                            "period": 65,
                            "biomass": 157500.0
                        }
                    ]
                }
            ]
        },
        {
            "deploy_period": 54,
            "module": 1,
            "tank_cycles": [
                {
                    "tank": 4,
                    "start_period": 54,
                    "start_cause": "deploy",
                    "end_period": 69,
                    "end_cause": "harvest",
                    "period_biomasses": [
                        {
                            "period": 54,
                            "biomass": 13198.4156206044
                        },
                        {
                            "period": 55,
                            "biomass": 23585.34156928723
                        },
                        {
                            "period": 56,
                            "biomass": 39055.25700965601
                        },
                        {
                            "period": 57,
                            "biomass": 58893.17558625202
                        },
                        {
                            "period": 58,
                            "biomass": 82032.60133271692
                        },
                        {
                            "period": 59,
                            "biomass": 106474.19544054772
                        },
                        {
                            "period": 60,
                            "biomass": 130578.03200186793
                        },
                        {
                            "period": 61,
                            "biomass": 157499.9999999993
                        },
                        {
                            "period": 62,
                            "biomass": 98258.09488121203
                        },
                        {
                            "period": 63,
                            "biomass": 120054.67474766256
                        },
                        {
                            "period": 64,
                            "biomass": 146235.7423282926
                        },
                        {
                            "period": 65,
                            "biomass": 84800.05991676613
                        },
                        {
                            "period": 66,
                            "biomass": 101162.71535477917
                        },
                        {
                            "period": 67,
                            "biomass": 118908.31092279623
                        },
                        {
                            "period": 68,
                            "biomass": 138288.28672013845
                        },
                        {
                            "period": 69,
                            "biomass": 157500.0
                        }
                    ]
                },
                {
                    "tank": 5,
                    "start_period": 54,
                    "start_cause": "deploy",
                    "end_period": 59,
                    "end_cause": "post_smolt",
                    "period_biomasses": [
                        {
                            "period": 54,
                            "biomass": 19523.51414015711
                        },
                        {
                            "period": 55,
                            "biomass": 34888.18376878239
                        },
                        {
                            "period": 56,
                            "biomass": 57771.77233948721
                        },
                        {
                            "period": 57,
                            "biomass": 87116.6494046422
                        },
                        {
                            "period": 58,
                            "biomass": 121345.22037424886
                        },
                        {
                            "period": 59,
                            "biomass": 157500.0
                        }
                    ]
                },
                {
                    "tank": 5,
                    "start_period": 62,
                    "start_cause": "transfer",
                    "transfer": {
                        "period": 61,
                        "from_tank": 4,
                        "biomass": 76764.42574352311
                    },
                    "end_period": 69,
                    "end_cause": "harvest",
                    "period_biomasses": [
                        {
                            "period": 62,
                            "biomass": 84929.70158073049
                        },
                        {
                            "period": 63,
                            "biomass": 103769.64576829244
                        },
                        {
                            "period": 64,
                            "biomass": 126399.336068883
                        },
                        {
                            "period": 65,
                            "biomass": 84800.0599167656
                        },
                        {
                            "period": 66,
                            "biomass": 101162.71535477854
                        },
                        {
                            "period": 67,
                            "biomass": 118908.3109227955
                        },
                        {
                            "period": 68,
                            "biomass": 138288.2867201376
                        },
                        {
                            "period": 69,
                            "biomass": 157499.99999999904
                        }
                    ]
                },
                {
                    "tank": 6,
                    "start_period": 54,
                    "start_cause": "deploy",
                    "end_period": 59,
                    "end_cause": "post_smolt",
                    "period_biomasses": [
                        {
                            "period": 54,
                            "biomass": 19523.514140167652
                        },
                        {
                            "period": 55,
                            "biomass": 34888.18376880124
                        },
                        {
                            "period": 56,
                            "biomass": 57771.7723395184
                        },
                        {
                            "period": 57,
                            "biomass": 87116.64940468923
                        },
                        {
                            "period": 58,
                            "biomass": 121345.22037428571
                        },
                        {
                            "period": 59,
                            "biomass": 157500.0
                        }
                    ]
                },
                {
                    "tank": 6,
                    "start_period": 65,
                    "start_cause": "transfer",
                    "transfer": {
                        "period": 64,
                        "from_tank": 4,
                        "biomass": 76613.67703227483
                    },
                    "end_period": 69,
                    "end_cause": "harvest",
                    "period_biomasses": [
                        {
                            "period": 65,
                            "biomass": 84800.05991676614
                        },
                        {
                            "period": 66,
                            "biomass": 101162.71535477918
                        },
                        {
                            "period": 67,
                            "biomass": 118908.31092279626
                        },
                        {
                            "period": 68,
                            "biomass": 138288.28672013848
                        },
                        {
                            "period": 69,
                            "biomass": 157500.0
                        }
                    ]
                },
                {
                    "tank": 7,
                    "start_period": 54,
                    "start_cause": "deploy",
                    "end_period": 59,
                    "end_cause": "post_smolt",
                    "period_biomasses": [
                        {
                            "period": 54,
                            "biomass": 19523.51414016827
                        },
                        {
                            "period": 55,
                            "biomass": 34888.183768802344
                        },
                        {
                            "period": 56,
                            "biomass": 57771.772339520234
                        },
                        {
                            "period": 57,
                            "biomass": 87116.649404692
                        },
                        {
                            "period": 58,
                            "biomass": 121345.22037428571
                        },
                        {
                            "period": 59,
                            "biomass": 157499.99999999997
                        }
                    ]
                },
                {
                    "tank": 7,
                    "start_period": 65,
                    "start_cause": "transfer",
                    "transfer": {
                        "period": 64,
                        "from_tank": 5,
                        "biomass": 56777.27077286566
                    },
                    "end_period": 69,
                    "end_cause": "harvest",
                    "period_biomasses": [
                        {
                            "period": 65,
                            "biomass": 62844.07888974131
                        },
                        {
                            "period": 66,
                            "biomass": 74970.20250570869
                        },
                        {
                            "period": 67,
                            "biomass": 88121.20273986555
                        },
                        {
                            "period": 68,
                            "biomass": 102483.41815675175
                        },
                        {
                            "period": 69,
                            "biomass": 116720.93669331593
                        }
                    ]
                }
            ]
        },
        {
            "deploy_period": 68,
            "module": 0,
            "tank_cycles": [
                {
                    "tank": 0,
                    "start_period": 68,
                    "start_cause": "deploy",
                    "end_period": 84,
                    "end_cause": "harvest",
                    "period_biomasses": [
                        {
                            "period": 68,
                            "biomass": 6621.472389044992
                        },
                        {
                            "period": 69,
                            "biomass": 11133.599197559743
                        },
                        {
                            "period": 70,
                            "biomass": 17137.019236215565
                        },
                        {
                            "period": 71,
                            "biomass": 24200.44941201985
                        },
                        {
                            "period": 72,
                            "biomass": 31787.263960906766
                        },
                        {
                            "period": 73,
                            "biomass": 40817.653246384805
                        },
                        {
                            "period": 74,
                            "biomass": 52799.870706402566
                        },
                        {
                            "period": 75,
                            "biomass": 68508.06123951788
                        },
                        {
                            "period": 76,
                            "biomass": 88096.91943518969
                        },
                        {
                            "period": 77,
                            "biomass": 112960.76798269551
                        },
                        {
                            "period": 78,
                            "biomass": 140891.87905169715
                        },
                        {
                            "period": 79,
                            "biomass": 81863.1096278016
                        },
                        {
                            "period": 80,
                            "biomass": 98188.90207357929
                        },
                        {
                            "period": 81,
                            "biomass": 114751.99104604358
                        },
                        {
                            "period": 82,
                            "biomass": 130640.78429374562
                        },
                        {
                            "period": 83,
                            "biomass": 145053.54835010465
                        },
                        {
                            "period": 84,
                            "biomass": 157500.0
                        }
                    ]
                },
                {
                    "tank": 1,
                    "start_period": 68,
                    "start_cause": "deploy",
                    "end_period": 84,
                    "end_cause": "harvest",
                    "period_biomasses": [
                        {
                            "period": 68,
                            "biomass": 6621.472389045007
                        },
                        {
                            "period": 69,
                            "biomass": 11133.599197559768
                        },
                        {
                            "period": 70,
                            "biomass": 17137.019236215605
                        },
                        {
                            "period": 71,
                            "biomass": 24200.4494120199
                        },
                        {
                            "period": 72,
                            "biomass": 31787.263960906836
                        },
                        {
                            "period": 73,
                            "biomass": 40817.65324638489
                        },
                        {
                            "period": 74,
                            "biomass": 52799.87070640268
                        },
                        {
                            "period": 75,
                            "biomass": 68508.061239518
                        },
                        {
                            "period": 76,
                            "biomass": 88096.91943518986
                        },
                        {
                            "period": 77,
                            "biomass": 112960.76798269576
                        },
                        {
                            "period": 78,
                            "biomass": 140891.87905166234
                        },
                        {
                            "period": 79,
                            "biomass": 81863.1096278016
                        },
                        {
                            "period": 80,
                            "biomass": 98188.90207357929
                        },
                        {
                            "period": 81,
                            "biomass": 114751.99104604358
                        },
                        {
                            "period": 82,
                            "biomass": 130640.78429374562
                        },
                        {
                            "period": 83,
                            "biomass": 145053.54835010465
                        },
                        {
                            "period": 84,
                            "biomass": 157500.0
                        }
                    ]
                },
                {
                    "tank": 2,
                    "start_period": 68,
                    "start_cause": "deploy",
                    "end_period": 74,
                    "end_cause": "post_smolt",
                    "period_biomasses": [
                        {
                            "period": 68,
                            "biomass": 19751.59952708228
                        },
                        {
                            "period": 69,
                            "biomass": 33211.10165906189
                        },
                        {
                            "period": 70,
                            "biomass": 51119.0746036554
                        },
                        {
                            "period": 71,
                            "biomass": 72189.01734793323
                        },
                        {
                            "period": 72,
                            "biomass": 94820.19570998159
                        },
                        {
                            "period": 73,
                            "biomass": 121757.50243884682
                        },
                        {
                            "period": 74,
                            "biomass": 157500.0
                        }
                    ]
                },
                {
                    "tank": 2,
                    "start_period": 79,
                    "start_cause": "transfer",
                    "transfer": {
                        "period": 78,
                        "from_tank": 0,
                        "biomass": 73854.8971163733
                    },
                    "end_period": 84,
                    "end_cause": "harvest",
                    "period_biomasses": [
                        {
                            "period": 79,
                            "biomass": 81863.1096278016
                        },
                        {
                            "period": 80,
                            "biomass": 98188.90207357929
                        },
                        {
                            "period": 81,
                            "biomass": 114751.99104604358
                        },
                        {
                            "period": 82,
                            "biomass": 130640.78429374562
                        },
                        {
                            "period": 83,
                            "biomass": 145053.54835010465
                        },
                        {
                            "period": 84,
                            "biomass": 157500.0
                        }
                    ]
                },
                {
                    "tank": 3,
                    "start_period": 68,
                    "start_cause": "deploy",
                    "end_period": 74,
                    "end_cause": "post_smolt",
                    "period_biomasses": [
                        {
                            "period": 68,
                            "biomass": 19751.59952708228
                        },
                        {
                            "period": 69,
                            "biomass": 33211.10165906189
                        },
                        {
                            "period": 70,
                            "biomass": 51119.0746036554
                        },
                        {
                            "period": 71,
                            "biomass": 72189.01734793323
                        },
                        {
                            "period": 72,
                            "biomass": 94820.19570998159
                        },
                        {
                            "period": 73,
                            "biomass": 121757.50243884682
                        },
                        {
                            "period": 74,
                            "biomass": 157500.0
                        }
                    ]
                },
                {
                    "tank": 3,
                    "start_period": 79,
                    "start_cause": "transfer",
                    "transfer": {
                        "period": 78,
                        "from_tank": 1,
                        "biomass": 73854.89711633848
                    },
                    "end_period": 84,
                    "end_cause": "harvest",
                    "period_biomasses": [
                        {
                            "period": 79,
                            "biomass": 81863.1096278016
                        },
                        {
                            "period": 80,
                            "biomass": 98188.90207357929
                        },
                        {
                            "period": 81,
                            "biomass": 114751.99104604358
                        },
                        {
                            "period": 82,
                            "biomass": 130640.78429374562
                        },
                        {
                            "period": 83,
                            "biomass": 145053.54835010465
                        },
                        {
                            "period": 84,
                            "biomass": 157500.0
                        }
                    ]
                }
            ]
        },
        {
            "deploy_period": 74,
            "module": 1,
            "tank_cycles": [
                {
                    "tank": 4,
                    "start_period": 74,
                    "start_cause": "deploy",
                    "end_period": 79,
                    "end_cause": "post_smolt",
                    "period_biomasses": [
                        {
                            "period": 74,
                            "biomass": 18702.395721684406
                        },
                        {
                            "period": 75,
                            "biomass": 29577.28355971491
                        },
                        {
                            "period": 76,
                            "biomass": 46605.067976934995
                        },
                        {
                            "period": 77,
                            "biomass": 73503.44041411737
                        },
                        {
                            "period": 78,
                            "biomass": 110462.14555612564
                        },
                        {
                            "period": 79,
                            "biomass": 157500.0
                        }
                    ]
                },
                {
                    "tank": 5,
                    "start_period": 74,
                    "start_cause": "deploy",
                    "end_period": 79,
                    "end_cause": "post_smolt",
                    "period_biomasses": [
                        {
                            "period": 74,
                            "biomass": 18702.395721684406
                        },
                        {
                            "period": 75,
                            "biomass": 29577.28355971491
                        },
                        {
                            "period": 76,
                            "biomass": 46605.067976934995
                        },
                        {
                            "period": 77,
                            "biomass": 73503.44041411737
                        },
                        {
                            "period": 78,
                            "biomass": 110462.14555612564
                        },
                        {
                            "period": 79,
                            "biomass": 157500.0
                        }
                    ]
                },
                {
                    "tank": 6,
                    "start_period": 74,
                    "start_cause": "deploy",
                    "end_period": 79,
                    "end_cause": "post_smolt",
                    "period_biomasses": [
                        {
                            "period": 74,
                            "biomass": 18702.395721684406
                        },
                        {
                            "period": 75,
                            "biomass": 29577.28355971491
                        },
                        {
                            "period": 76,
                            "biomass": 46605.067976934995
                        },
                        {
                            "period": 77,
                            "biomass": 73503.44041411737
                        },
                        {
                            "period": 78,
                            "biomass": 110462.14555612562
                        },
                        {
                            "period": 79,
                            "biomass": 157500.0
                        }
                    ]
                },
                {
                    "tank": 7,
                    "start_period": 74,
                    "start_cause": "deploy",
                    "end_period": 79,
                    "end_cause": "post_smolt",
                    "period_biomasses": [
                        {
                            "period": 74,
                            "biomass": 18702.395721684406
                        },
                        {
                            "period": 75,
                            "biomass": 29577.28355971491
                        },
                        {
                            "period": 76,
                            "biomass": 46605.067976934995
                        },
                        {
                            "period": 77,
                            "biomass": 73503.44041411737
                        },
                        {
                            "period": 78,
                            "biomass": 110462.14555612562
                        },
                        {
                            "period": 79,
                            "biomass": 157500.0
                        }
                    ]
                }
            ]
        }
    ]
}