{
    "modules": [
        {
            "module_index": 0,
            "tank_indices": [
                0,
                1,
                2,
                3
            ],
            "tank_transfers": [
                {
                    "from": 0,
                    "to": 1
                },
                {
                    "from": 0,
                    "to": 2
                },
                {
                    "from": 1,
                    "to": 3
                }
            ]
        }
    ],
    "pre_planning_horizon": {
        "first_year": 2021,
        "first_period": 0,
        "last_period": 23,
        "deploy_periods": [
            6,
            7,
            8,
            12,
            13,
            14,
            18,
            19,
            20
        ]
    },
    "planning_horizon": {
        "first_year": 2023,
        "first_period": 24,
        "last_ordinary_horizon_period": 71,
        "last_period": 85,
        "deploy_periods": [
            24,
            25,
            26,
            30,
            31,
            32,
            36,
            37,
            38,
            42,
            43,
            44,
            48,
            49,
            50,
            54,
            55,
            56,
            60,
            61,
            62,
            66,
            67,
            68,
            72,
            73,
            74
        ]
    },
    "production_cycles": [
        {
            "deploy_period": 20,
            "module": 0,
            "tank_cycles": [
                {
                    "tank": 0,
                    "start_period": 24,
                    "start_cause": "pre_planning_deploy",
                    "end_period": 34,
                    "end_cause": "harvest",
                    "period_biomasses": [
                        {
                            "period": 24,
                            "biomass": 40592.0
                        },
                        {
                            "period": 25,
                            "biomass": 52123.711641710855
                        },
                        {
                            "period": 26,
                            "biomass": 67424.8766534342
                        },
                        {
                            "period": 27,
                            "biomass": 87484.06988580535
                        },
                        {
                            "period": 28,
                            "biomass": 112498.83469401968
                        },
                        {
                            "period": 29,
                            "biomass": 97758.84101333987
                        },
                        {
                            "period": 30,
                            "biomass": 57728.22406490243
                        },
                        {
                            "period": 31,
                            "biomass": 70495.59510007156
                        },
                        {
                            "period": 32,
                            "biomass": 84554.3873836534
                        },
                        {
                            "period": 33,
                            "biomass": 98817.52518916824
                        },
                        {
                            "period": 34,
                            "biomass": 112500.0
                        }
                    ]
                },
                {
                    "tank": 1,
                    "start_period": 24,
                    "start_cause": "pre_planning_deploy",
                    "end_period": 26,
                    "end_cause": "post_smolt",
                    "period_biomasses": [
                        {
                            "period": 24,
                            "biomass": 67728.0
                        },
                        {
                            "period": 25,
                            "biomass": 86968.73132808911
                        },
                        {
                            "period": 26,
                            "biomass": 112498.81863381434
                        }
                    ]
                },
                {
                    "tank": 1,
                    "start_period": 29,
                    "start_cause": "transfer",
                    "transfer": {
                        "period": 28,
                        "from_tank": 0,
                        "biomass": 36257.73882833795
                    },
                    "end_period": 34,
                    "end_cause": "harvest",
                    "period_biomasses": [
                        {
                            "period": 29,
                            "biomass": 41296.34797426351
                        },
                        {
                            "period": 30,
                            "biomass": 51507.44075109371
                        },
                        {
                            "period": 31,
                            "biomass": 62899.00211979031
                        },
                        {
                            "period": 32,
                            "biomass": 75442.8214093704
                        },
                        {
                            "period": 33,
                            "biomass": 88168.96598323226
                        },
                        {
                            "period": 34,
                            "biomass": 100377.0197050117
                        }
                    ]
                },
                {
                    "tank": 2,
                    "start_period": 24,
                    "start_cause": "pre_planning_deploy",
                    "end_period": 26,
                    "end_cause": "post_smolt",
                    "period_biomasses": [
                        {
                            "period": 24,
                            "biomass": 67728.0
                        },
                        {
                            "period": 25,
                            "biomass": 86968.73132808911
                        },
                        {
                            "period": 26,
                            "biomass": 112498.81863381434
                        }
                    ]
                },
                {
                    "tank": 2,
                    "start_period": 30,
                    "start_cause": "transfer",
                    "transfer": {
                        "period": 29,
                        "from_tank": 0,
                        "biomass": 51474.948935672575
                    },
                    "end_period": 34,
                    "end_cause": "harvest",
                    "period_biomasses": [
                        {
                            "period": 30,
                            "biomass": 57728.22406490243
                        },
                        {
                            "period": 31,
                            "biomass": 70495.59510007156
                        },
                        {
                            "period": 32,
                            "biomass": 84554.3873836534
                        },
                        {
                            "period": 33,
                            "biomass": 98817.52518916824
                        },
                        {
                            "period": 34,
                            "biomass": 112500.0
                        }
                    ]
                },
                {
                    "tank": 3,
                    "start_period": 24,
                    "start_cause": "pre_planning_deploy",
                    "end_period": 26,
                    "end_cause": "post_smolt",
                    "period_biomasses": [
                        {
                            "period": 24,
                            "biomass": 67728.0
                        },
                        {
                            "period": 25,
                            "biomass": 86968.73132808911
                        },
                        {
                            "period": 26,
                            "biomass": 112498.81863381434
                        }
                    ]
                }
            ]
        },
        {
            "deploy_period": 36,
            "module": 0,
            "tank_cycles": [
                {
                    "tank": 0,
                    "start_period": 36,
                    "start_cause": "deploy",
                    "end_period": 42,
                    "end_cause": "post_smolt",
                    "period_biomasses": [
                        {
                            "period": 36,
                            "biomass": 11893.260300122416
                        },
                        {
                            "period": 37,
                            "biomass": 17187.651924199403
                        },
                        {
                            "period": 38,
                            "biomass": 25352.25518085406
                        },
                        {
                            "period": 39,
                            "biomass": 37684.644111522015
                        },
                        {
                            "period": 40,
                            "biomass": 55292.58720509089
                        },
                        {
                            "period": 41,
                            "biomass": 80602.90501150949
                        },
                        {
                            "period": 42,
                            "biomass": 112500.0
                        }
                    ]
                },
                {
                    "tank": 1,
                    "start_period": 36,
                    "start_cause": "deploy",
                    "end_period": 42,
                    "end_cause": "post_smolt",
                    "period_biomasses": [
                        {
                            "period": 36,
                            "biomass": 11893.260300122418
                        },
                        {
                            "period": 37,
                            "biomass": 17187.651924199403
                        },
                        {
                            "period": 38,
                            "biomass": 25352.255180854063
                        },
                        {
                            "period": 39,
                            "biomass": 37684.64411152202
                        },
                        {
                            "period": 40,
                            "biomass": 55292.5872050909
                        },
                        {
                            "period": 41,
                            "biomass": 80602.9050115095
                        },
                        {
                            "period": 42,
                            "biomass": 112500.0
                        }
                    ]
                },
                {
                    "tank": 2,
                    "start_period": 36,
                    "start_cause": "deploy",
                    "end_period": 42,
                    "end_cause": "post_smolt",
                    "period_biomasses": [
                        {
                            "period": 36,
                            "biomass": 11893.260300122418
                        },
                        {
                            "period": 37,
                            "biomass": 17187.651924199403
                        },
                        {
                            "period": 38,
                            "biomass": 25352.255180854063
                        },
                        {
                            "period": 39,
                            "biomass": 37684.64411152202
                        },
                        {
                            "period": 40,
                            "biomass": 55292.5872050909
                        },
                        {
                            "period": 41,
                            "biomass": 80602.9050115095
                        },
                        {
                            "period": 42,
                            "biomass": 112500.0
                        }
                    ]
                },
                {
                    "tank": 3,
                    "start_period": 36,
                    "start_cause": "deploy",
                    "end_period": 42,
                    "end_cause": "post_smolt",
                    "period_biomasses": [
                        {
                            "period": 36,
                            "biomass": 11893.260300122416
                        },
                        {
                            "period": 37,
                            "biomass": 17187.651924199403
                        },
                        {
                            "period": 38,
                            "biomass": 25352.25518085406
                        },
                        {
                            "period": 39,
                            "biomass": 37684.644111522015
                        },
                        {
                            "period": 40,
                            "biomass": 55292.58720509089
                        },
                        {
                            "period": 41,
                            "biomass": 80602.90501150949
                        },
                        {
                            "period": 42,
                            "biomass": 112500.0
                        }
                    ]
                }
            ]
        },
        {
            "deploy_period": 44,
            "module": 0,
            "tank_cycles": [
                {
                    "tank": 0,
                    "start_period": 44,
                    "start_cause": "deploy",
                    "end_period": 58,
                    "end_cause": "harvest",
                    "period_biomasses": [
                        {
                            "period": 44,
                            "biomass": 5730.376893489398
                        },
                        {
                            "period": 45,
                            "biomass": 9635.276843957394
                        },
                        {
                            "period": 46,
                            "biomass": 14830.77679474497
                        },
                        {
                            "period": 47,
                            "biomass": 20943.63428172491
                        },
                        {
                            "period": 48,
                            "biomass": 27509.440832252738
                        },
                        {
                            "period": 49,
                            "biomass": 35324.550684002956
                        },
                        {
                            "period": 50,
                            "biomass": 45694.24159734891
                        },
                        {
                            "period": 51,
                            "biomass": 59288.47665274502
                        },
                        {
                            "period": 52,
                            "biomass": 76241.132161818
                        },
                        {
                            "period": 53,
                            "biomass": 97758.84101333987
                        },
                        {
                            "period": 54,
                            "biomass": 57728.22406490244
                        },
                        {
                            "period": 55,
                            "biomass": 70495.59510007157
                        },
                        {
                            "period": 56,
                            "biomass": 84554.3873836534
                        },
                        {
                            "period": 57,
                            "biomass": 98817.52518916824
                        },
                        {
                            "period": 58,
                            "biomass": 112500.0
                        }
                    ]
                },
                {
                    "tank": 1,
                    "start_period": 44,
                    "start_cause": "deploy",
                    "end_period": 58,
                    "end_cause": "harvest",
                    "period_biomasses": [
                        {
                            "period": 44,
                            "biomass": 5730.377613688758
                        },
                        {
                            "period": 45,
                            "biomass": 9635.27805492839
                        },
                        {
                            "period": 46,
                            "biomass": 14830.778658691472
                        },
                        {
                            "period": 47,
                            "biomass": 20943.636913941304
                        },
                        {
                            "period": 48,
                            "biomass": 27509.44428966611
                        },
                        {
                            "period": 49,
                            "biomass": 35324.55512362696
                        },
                        {
                            "period": 50,
                            "biomass": 45694.24734024579
                        },
                        {
                            "period": 51,
                            "biomass": 59288.423355472514
                        },
                        {
                            "period": 52,
                            "biomass": 76241.06362498544
                        },
                        {
                            "period": 53,
                            "biomass": 97758.84101333992
                        },
                        {
                            "period": 54,
                            "biomass": 57728.22406490252
                        },
                        {
                            "period": 55,
                            "biomass": 70495.59510007157
                        },
                        {
                            "period": 56,
                            "biomass": 84554.3873836534
                        },
                        {
                            "period": 57,
                            "biomass": 98817.52518916824
                        },
                        {
                            "period": 58,
                            "biomass": 112500.0
                        }
                    ]
                },
                {
                    "tank": 2,
                    "start_period": 44,
                    "start_cause": "deploy",
                    "end_period": 50,
                    "end_cause": "post_smolt",
                    "period_biomasses": [
                        {
                            "period": 44,
                            "biomass": 14108.285376487342
                        },
                        {
                            "period": 45,
                            "biomass": 23722.215470758496
                        },
                        {
                            "period": 46,
                            "biomass": 36513.62471689671
                        },
                        {
                            "period": 47,
                            "biomass": 51563.583819952306
                        },
                        {
                            "period": 48,
                            "biomass": 67728.71122141543
                        },
                        {
                            "period": 49,
                            "biomass": 86969.6445991763
                        },
                        {
                            "period": 50,
                            "biomass": 112500.0
                        }
                    ]
                },
                {
                    "tank": 2,
                    "start_period": 54,
                    "start_cause": "transfer",
                    "transfer": {
                        "period": 53,
                        "from_tank": 0,
                        "biomass": 51474.94893567257
                    },
                    "end_period": 58,
                    "end_cause": "harvest",
                    "period_biomasses": [
                        {
                            "period": 54,
                            "biomass": 57728.22406490243
                        },
                        {
                            "period": 55,
                            "biomass": 70495.59510007156
                        },
                        {
                            "period": 56,
                            "biomass": 84554.3873836534
                        },
                        {
                            "period": 57,
                            "biomass": 98817.52518916824
                        },
                        {
                            "period": 58,
                            "biomass": 112500.0
                        }
                    ]
                },
                {
                    "tank": 3,
                    "start_period": 44,
                    "start_cause": "deploy",
                    "end_period": 50,
                    "end_cause": "post_smolt",
                    "period_biomasses": [
                        {
                            "period": 44,
                            "biomass": 14108.285376487342
                        },
                        {
                            "period": 45,
                            "biomass": 23722.215470758496
                        },
                        {
                            "period": 46,
                            "biomass": 36513.62471689671
                        },
                        {
                            "period": 47,
                            "biomass": 51563.583819952306
                        },
                        {
                            "period": 48,
                            "biomass": 67728.71122141543
                        },
                        {
                            "period": 49,
                            "biomass": 86969.6445991763
                        },
                        {
                            "period": 50,
                            "biomass": 112500.0
                        }
                    ]
                },
                {
                    "tank": 3,
                    "start_period": 54,
                    "start_cause": "transfer",
                    "transfer": {
                        "period": 53,
                        "from_tank": 1,
                        "biomass": 51474.948935672575
                    },
                    "end_period": 58,
                    "end_cause": "harvest",
                    "period_biomasses": [
                        {
                            "period": 54,
                            "biomass": 57728.22406490235
                        },
                        {
                            "period": 55,
                            "biomass": 70495.59510007157
                        },
                        {
                            "period": 56,
                            "biomass": 84554.3873836534
                        },
                        {
                            "period": 57,
                            "biomass": 98817.52518916824
                        },
                        {
                            "period": 58,
                            "biomass": 112500.0
                        }
                    ]
                }
            ]
        },
        {
            "deploy_period": 60,
            "module": 0,
            "tank_cycles": [
                {
                    "tank": 0,
                    "start_period": 60,
                    "start_cause": "deploy",
                    "end_period": 66,
                    "end_cause": "post_smolt",
                    "period_biomasses": [
                        {
                            "period": 60,
                            "biomass": 11893.260300122418
                        },
                        {
                            "period": 61,
                            "biomass": 17187.651924199403
                        },
                        {
                            "period": 62,
                            "biomass": 25352.255180854063
                        },
                        {
                            "period": 63,
                            "biomass": 37684.64411152202
                        },
                        {
                            "period": 64,
                            "biomass": 55292.5872050909
                        },
                        {
                            "period": 65,
                            "biomass": 80602.9050115095
                        },
                        {
                            "period": 66,
                            "biomass": 112500.0
                        }
                    ]
                },
                {
                    "tank": 1,
                    "start_period": 60,
                    "start_cause": "deploy",
                    "end_period": 66,
                    "end_cause": "post_smolt",
                    "period_biomasses": [
                        {
                            "period": 60,
                            "biomass": 11893.260300122116
                        },
                        {
                            "period": 61,
                            "biomass": 17187.651924198966
                        },
                        {
                            "period": 62,
                            "biomass": 25352.25518085342
                        },
                        {
                            "period": 63,
                            "biomass": 37684.64411152107
                        },
                        {
                            "period": 64,
                            "biomass": 55292.5872050895
                        },
                        {
                            "period": 65,
                            "biomass": 80602.90501150745
                        },
                        {
                            "period": 66,
                            "biomass": 112499.99999999716
                        }
                    ]
                },
                {
                    "tank": 2,
                    "start_period": 60,
                    "start_cause": "deploy",
                    "end_period": 66,
                    "end_cause": "post_smolt",
                    "period_biomasses": [
                        {
                            "period": 60,
                            "biomass": 11893.260300122418
                        },
                        {
                            "period": 61,
                            "biomass": 17187.651924199403
                        },
                        {
                            "period": 62,
                            "biomass": 25352.255180854063
                        },
                        {
                            "period": 63,
                            "biomass": 37684.64411152202
                        },
                        {
                            "period": 64,
                            "biomass": 55292.5872050909
                        },
                        {
                            "period": 65,
                            "biomass": 80602.9050115095
                        },
                        {
                            "period": 66,
                            "biomass": 112500.0
                        }
                    ]
                },
                {
                    "tank": 3,
                    "start_period": 60,
                    "start_cause": "deploy",
                    "end_period": 66,
                    "end_cause": "post_smolt",
                    "period_biomasses": [
                        {
                            "period": 60,
                            "biomass": 11893.260300122025
                        },
                        {
                            "period": 61,
                            "biomass": 17187.651924198835
                        },
                        {
                            "period": 62,
                            "biomass": 25352.255180853226
                        },
                        {
                            "period": 63,
                            "biomass": 37684.64411152078
                        },
                        {
                            "period": 64,
                            "biomass": 55292.587205089076
                        },
                        {
                            "period": 65,
                            "biomass": 80602.90501150684
                        },
                        {
                            "period": 66,
                            "biomass": 112499.99999999629
                        }
                    ]
                }
            ]
        },
        {
            "deploy_period": 68,
            "module": 0,
            "tank_cycles": [
                {
                    "tank": 0,
                    "start_period": 68,
                    "start_cause": "deploy",
                    "end_period": 84,
                    "end_cause": "harvest",
                    "period_biomasses": [
                        {
                            "period": 68,
                            "biomass": 8455.637819612683
                        },
                        {
                            "period": 69,
                            "biomass": 14217.635732960223
                        },
                        {
                            "period": 70,
                            "biomass": 21884.019060309605
                        },
                        {
                            "period": 71,
                            "biomass": 30904.038146931267
                        },
                        {
                            "period": 72,
                            "biomass": 40592.42046746956
                        },
                        {
                            "period": 73,
                            "biomass": 52124.2515590625
                        },
                        {
                            "period": 74,
                            "biomass": 67425.57506610842
                        },
                        {
                            "period": 75,
                            "biomass": 87484.97607927924
                        },
                        {
                            "period": 76,
                            "biomass": 112500.0
                        },
                        {
                            "period": 77,
                            "biomass": 80686.26284478245
                        },
                        {
                            "period": 78,
                            "biomass": 100637.0564654979
                        },
                        {
                            "period": 79,
                            "biomass": 58473.64973414399
                        },
                        {
                            "period": 80,
                            "biomass": 70134.93005255662
                        },
                        {
                            "period": 81,
                            "biomass": 81965.7078900311
                        },
                        {
                            "period": 82,
                            "biomass": 93314.845924104
                        },
                        {
                            "period": 83,
                            "biomass": 103609.67739293189
                        },
                        {
                            "period": 84,
                            "biomass": 112500.0
                        }
                    ]
                },
                {
                    "tank": 1,
                    "start_period": 68,
                    "start_cause": "deploy",
                    "end_period": 74,
                    "end_cause": "post_smolt",
                    "period_biomasses": [
                        {
                            "period": 68,
                            "biomass": 14108.285376482336
                        },
                        {
                            "period": 69,
                            "biomass": 23722.215470750078
                        },
                        {
                            "period": 70,
                            "biomass": 36513.62471688376
                        },
                        {
                            "period": 71,
                            "biomass": 51563.583819934014
                        },
                        {
                            "period": 72,
                            "biomass": 67728.7112213914
                        },
                        {
                            "period": 73,
                            "biomass": 86969.64459914544
                        },
                        {
                            "period": 74,
                            "biomass": 112499.99999996008
                        }
                    ]
                },
                {
                    "tank": 1,
                    "start_period": 77,
                    "start_cause": "transfer",
                    "transfer": {
                        "period": 76,
                        "from_tank": 0,
                        "biomass": 49573.628974864565
                    },
                    "end_period": 84,
                    "end_cause": "harvest",
                    "period_biomasses": [
                        {
                            "period": 77,
                            "biomass": 56462.70006482043
                        },
                        {
                            "period": 78,
                            "biomass": 70423.88300408493
                        },
                        {
                            "period": 79,
                            "biomass": 58473.649734143466
                        },
                        {
                            "period": 80,
                            "biomass": 70134.930052556
                        },
                        {
                            "period": 81,
                            "biomass": 81965.70789003037
                        },
                        {
                            "period": 82,
                            "biomass": 93314.84592410317
                        },
                        {
                            "period": 83,
                            "biomass": 103609.67739293096
                        },
                        {
                            "period": 84,
                            "biomass": 112499.99999999898
                        }
                    ]
                },
                {
                    "tank": 2,
                    "start_period": 68,
                    "start_cause": "deploy",
                    "end_period": 74,
                    "end_cause": "post_smolt",
                    "period_biomasses": [
                        {
                            "period": 68,
                            "biomass": 14108.285376487342
                        },
                        {
                            "period": 69,
                            "biomass": 23722.215470758496
                        },
                        {
                            "period": 70,
                            "biomass": 36513.62471689671
                        },
                        {
                            "period": 71,
                            "biomass": 51563.583819952306
                        },
                        {
                            "period": 72,
                            "biomass": 67728.71122141543
                        },
                        {
                            "period": 73,
                            "biomass": 86969.6445991763
                        },
                        {
                            "period": 74,
                            "biomass": 112500.0
                        }
                    ]
                },
                {
                    "tank": 2,
                    "start_period": 79,
                    "start_cause": "transfer",
                    "transfer": {
                        "period": 78,
                        "from_tank": 0,
                        "biomass": 52753.49794026658
                    },
                    "end_period": 84,
                    "end_cause": "harvest",
                    "period_biomasses": [
                        {
                            "period": 79,
                            "biomass": 58473.64973414394
                        },
                        {
                            "period": 80,
                            "biomass": 70134.93005255656
                        },
                        {
                            "period": 81,
                            "biomass": 81965.70789003103
                        },
                        {
                            "period": 82,
                            "biomass": 93314.84592410391
                        },
                        {
                            "period": 83,
                            "biomass": 103609.67739293179
                        },
                        {
                            "period": 84,
                            "biomass": 112499.99999999988
                        }
                    ]
                },
                {
                    "tank": 3,
                    "start_period": 68,
                    "start_cause": "deploy",
                    "end_period": 74,
                    "end_cause": "post_smolt",
                    "period_biomasses": [
                        {
                            "period": 68,
                            "biomass": 14108.285376482283
                        },
                        {
                            "period": 69,
                            "biomass": 23722.215470749987
                        },
                        {
                            "period": 70,
                            "biomass": 36513.62471688362
                        },
                        {
                            "period": 71,
                            "biomass": 51563.58381993382
                        },
                        {
                            "period": 72,
                            "biomass": 67728.71122139115
                        },
                        {
                            "period": 73,
                            "biomass": 86969.64459914512
                        },
                        {
                            "period": 74,
                            "biomass": 112499.99999995966
                        }
                    ]
                },
                {
                    "tank": 3,
                    "start_period": 79,
                    "start_cause": "transfer",
                    "transfer": {
                        "period": 78,
                        "from_tank": 1,
                        "biomass": 22540.324478854036
                    },
                    "end_period": 84,
                    "end_cause": "harvest",
                    "period_biomasses": [
                        {
                            "period": 79,
                            "biomass": 24984.410322190684
                        },
                        {
                            "period": 80,
                            "biomass": 29967.000149950007
                        },
                        {
                            "period": 81,
                            "biomass": 35022.012266793194
                        },
                        {
                            "period": 82,
                            "biomass": 39871.23106424558
                        },
                        {
                            "period": 83,
                            "biomass": 44269.9695521701
                        },
                        {
                            "period": 84,
                            "biomass": 48068.594555424126
                        }
                    ]
                }
            ]
        }
    ]
}