{
    "modules": [
        {
            "module_index": 0,
            "tank_indices": [
                0,
                1,
                2,
                3
            ],
            "tank_transfers": [
                {
                    "from": 0,
                    "to": 1
                },
                {
                    "from": 0,
                    "to": 2
                },
                {
                    "from": 1,
                    "to": 3
                }
            ]
        },
        {
            "module_index": 1,
            "tank_indices": [
                4,
                5,
                6,
                7
            ],
            "tank_transfers": [
                {
                    "from": 4,
                    "to": 5
                },
                {
                    "from": 4,
                    "to": 6
                },
                {
                    "from": 5,
                    "to": 7
                }
            ]
        }
    ],
    "pre_planning_horizon": {
        "first_year": 2021,
        "first_period": 0,
        "last_period": 23,
        "deploy_periods": [
            6,
            7,
            8,
            12,
            13,
            14,
            18,
            19,
            20
        ]
    },
    "planning_horizon": {
        "first_year": 2023,
        "first_period": 24,
        "last_ordinary_horizon_period": 71,
        "last_period": 85,
        "deploy_periods": [
            24,
            25,
            26,
            30,
            31,
            32,
            36,
            37,
            38,
            42,
            43,
            44,
            48,
            49,
            50,
            54,
            55,
            56,
            60,
            61,
            62,
            66,
            67,
            68,
            72,
            73,
            74
        ]
    },
    "production_cycles": [
        {
            "deploy_period": 19,
            "module": 0,
            "tank_cycles": [
                {
                    "tank": 0,
                    "start_period": 24,
                    "start_cause": "pre_planning_deploy",
                    "end_period": 34,
                    "end_cause": "harvest",
                    "period_biomasses": [
                        {
                            "period": 24,
                            "biomass": 74567.0
                        },
                        {
                            "period": 25,
                            "biomass": 92591.44859807543
                        },
                        {
                            "period": 26,
                            "biomass": 115924.79221380851
                        },
                        {
                            "period": 27,
                            "biomass": 145587.12356403933
                        },
                        {
                            "period": 28,
                            "biomass": 118766.00680664886
                        },
                        {
                            "period": 29,
                            "biomass": 148143.42876865718
                        },
                        {
                            "period": 30,
                            "biomass": 85887.58258439593
                        },
                        {
                            "period": 31,
                            "biomass": 102783.28324456463
                        },
                        {
                            "period": 32,
                            "biomass": 121257.1178753142
                        },
                        {
                            "period": 33,
                            "biomass": 139736.04709885255
                        },
                        {
                            "period": 34,
                            "biomass": 157500.0
                        }
                    ]
                },
                {
                    "tank": 1,
                    "start_period": 24,
                    "start_cause": "pre_planning_deploy",
                    "end_period": 25,
                    "end_cause": "post_smolt",
                    "period_biomasses": [
                        {
                            "period": 24,
                            "biomass": 152602.0
                        },
                        {
                            "period": 25,
                            "biomass": 157498.97069681613
                        }
                    ]
                },
                {
                    "tank": 1,
                    "start_period": 28,
                    "start_cause": "transfer",
                    "transfer": {
                        "period": 27,
                        "from_tank": 0,
                        "biomass": 50408.300527482745
                    },
                    "end_period": 34,
                    "end_cause": "harvest",
                    "period_biomasses": [
                        {
                            "period": 28,
                            "biomass": 56546.00668484123
                        },
                        {
                            "period": 29,
                            "biomass": 70532.97099653624
                        },
                        {
                            "period": 30,
                            "biomass": 85885.05895454925
                        },
                        {
                            "period": 31,
                            "biomass": 102780.26316932758
                        },
                        {
                            "period": 32,
                            "biomass": 121253.55498446802
                        },
                        {
                            "period": 33,
                            "biomass": 139731.94124270312
                        },
                        {
                            "period": 34,
                            "biomass": 157495.37218665503
                        }
                    ]
                },
                {
                    "tank": 2,
                    "start_period": 24,
                    "start_cause": "pre_planning_deploy",
                    "end_period": 25,
                    "end_cause": "post_smolt",
                    "period_biomasses": [
                        {
                            "period": 24,
                            "biomass": 126840.0
                        },
                        {
                            "period": 25,
                            "biomass": 157499.9576244168
                        }
                    ]
                },
                {
                    "tank": 2,
                    "start_period": 30,
                    "start_cause": "transfer",
                    "transfer": {
                        "period": 29,
                        "from_tank": 0,
                        "biomass": 77608.3852450371
                    },
                    "end_period": 34,
                    "end_cause": "harvest",
                    "period_biomasses": [
                        {
                            "period": 30,
                            "biomass": 85887.58258439593
                        },
                        {
                            "period": 31,
                            "biomass": 102783.28324456463
                        },
                        {
                            "period": 32,
                            "biomass": 121257.1178753142
                        },
                        {
                            "period": 33,
                            "biomass": 139736.04709885255
                        },
                        {
                            "period": 34,
                            "biomass": 157499.99999999997
                        }
                    ]
                },
                {
                    "tank": 3,
                    "start_period": 25,
                    "start_cause": "transfer",
                    "transfer": {
                        "period": 24,
                        "from_tank": 1,
                        "biomass": 25762.79480590826
                    },
                    "end_period": 34,
                    "end_cause": "harvest",
                    "period_biomasses": [
                        {
                            "period": 25,
                            "biomass": 28821.115759846343
                        },
                        {
                            "period": 26,
                            "biomass": 36084.12986747197
                        },
                        {
                            "period": 27,
                            "biomass": 45317.17998706683
                        },
                        {
                            "period": 28,
                            "biomass": 56547.66822168963
                        },
                        {
                            "period": 29,
                            "biomass": 70535.04352362009
                        },
                        {
                            "period": 30,
                            "biomass": 85887.58258439595
                        },
                        {
                            "period": 31,
                            "biomass": 102783.28324456466
                        },
                        {
                            "period": 32,
                            "biomass": 121257.11787531423
                        },
                        {
                            "period": 33,
                            "biomass": 139736.04709885258
                        },
                        {
                            "period": 34,
                            "biomass": 157500.0
                        }
                    ]
                }
            ]
        },
        {
            "deploy_period": 20,
            "module": 1,
            "tank_cycles": [
                {
                    "tank": 4,
                    "start_period": 24,
                    "start_cause": "pre_planning_deploy",
                    "end_period": 27,
                    "end_cause": "post_smolt",
                    "period_biomasses": [
                        {
                            "period": 24,
                            "biomass": 56829.0
                        },
                        {
                            "period": 25,
                            "biomass": 72973.45311605209
                        },
                        {
                            "period": 26,
                            "biomass": 94395.15952251705
                        },
                        {
                            "period": 27,
                            "biomass": 122478.12888107095
                        }
                    ]
                },
                {
                    "tank": 5,
                    "start_period": 24,
                    "start_cause": "pre_planning_deploy",
                    "end_period": 26,
                    "end_cause": "post_smolt",
                    "period_biomasses": [
                        {
                            "period": 24,
                            "biomass": 94820.0
                        },
                        {
                            "period": 25,
                            "biomass": 121757.2511299523
                        },
                        {
                            "period": 26,
                            "biomass": 157499.67491817675
                        }
                    ]
                },
                {
                    "tank": 6,
                    "start_period": 24,
                    "start_cause": "pre_planning_deploy",
                    "end_period": 26,
                    "end_cause": "post_smolt",
                    "period_biomasses": [
                        {
                            "period": 24,
                            "biomass": 94820.0
                        },
                        {
                            "period": 25,
                            "biomass": 121757.2511299523
                        },
                        {
                            "period": 26,
                            "biomass": 157499.67491817675
                        }
                    ]
                },
                {
                    "tank": 7,
                    "start_period": 24,
                    "start_cause": "pre_planning_deploy",
                    "end_period": 26,
                    "end_cause": "post_smolt",
                    "period_biomasses": [
                        {
                            "period": 24,
                            "biomass": 94820.0
                        },
                        {
                            "period": 25,
                            "biomass": 121757.2511299523
                        },
                        {
                            "period": 26,
                            "biomass": 157499.67491817675
                        }
                    ]
                }
            ]
        },
        {
            "deploy_period": 32,
            "module": 1,
            "tank_cycles": [
                {
                    "tank": 4,
                    "start_period": 32,
                    "start_cause": "deploy",
                    "end_period": 38,
                    "end_cause": "post_smolt",
                    "period_biomasses": [
                        {
                            "period": 32,
                            "biomass": 19751.59952708228
                        },
                        {
                            "period": 33,
                            "biomass": 33211.10165906189
                        },
                        {
                            "period": 34,
                            "biomass": 51119.0746036554
                        },
                        {
                            "period": 35,
                            "biomass": 72189.01734793323
                        },
                        {
                            "period": 36,
                            "biomass": 94820.19570998159
                        },
                        {
                            "period": 37,
                            "biomass": 121757.50243884682
                        },
                        {
                            "period": 38,
                            "biomass": 157500.0
                        }
                    ]
                },
                {
                    "tank": 5,
                    "start_period": 32,
                    "start_cause": "deploy",
                    "end_period": 38,
                    "end_cause": "post_smolt",
                    "period_biomasses": [
                        {
                            "period": 32,
                            "biomass": 19751.59952708228
                        },
                        {
                            "period": 33,
                            "biomass": 33211.10165906189
                        },
                        {
                            "period": 34,
                            "biomass": 51119.0746036554
                        },
                        {
                            "period": 35,
                            "biomass": 72189.01734793323
                        },
                        {
                            "period": 36,
                            "biomass": 94820.19570998159
                        },
                        {
                            "period": 37,
                            "biomass": 121757.50243884682
                        },
                        {
                            "period": 38,
                            "biomass": 157500.0
                        }
                    ]
                },
                {
                    "tank": 6,
                    "start_period": 32,
                    "start_cause": "deploy",
                    "end_period": 38,
                    "end_cause": "post_smolt",
                    "period_biomasses": [
                        {
                            "period": 32,
                            "biomass": 19751.59952708228
                        },
                        {
                            "period": 33,
                            "biomass": 33211.10165906189
                        },
                        {
                            "period": 34,
                            "biomass": 51119.0746036554
                        },
                        {
                            "period": 35,
                            "biomass": 72189.01734793323
                        },
                        {
                            "period": 36,
                            "biomass": 94820.19570998159
                        },
                        {
                            "period": 37,
                            "biomass": 121757.50243884682
                        },
                        {
                            "period": 38,
                            "biomass": 157500.0
                        }
                    ]
                },
                {
                    "tank": 7,
                    "start_period": 32,
                    "start_cause": "deploy",
                    "end_period": 38,
                    "end_cause": "post_smolt",
                    "period_biomasses": [
                        {
                            "period": 32,
                            "biomass": 19751.599527082242
                        },
                        {
                            "period": 33,
                            "biomass": 33211.10165906183
                        },
                        {
                            "period": 34,
                            "biomass": 51119.0746036553
                        },
                        {
                            "period": 35,
                            "biomass": 72189.0173479331
                        },
                        {
                            "period": 36,
                            "biomass": 94820.19570998143
                        },
                        {
                            "period": 37,
                            "biomass": 121757.5024388466
                        },
                        {
                            "period": 38,
                            "biomass": 157499.9999999997
                        }
                    ]
                }
            ]
        },
        {
            "deploy_period": 38,
            "module": 0,
            "tank_cycles": [
                {
                    "tank": 0,
                    "start_period": 38,
                    "start_cause": "deploy",
                    "end_period": 53,
                    "end_cause": "harvest",
                    "period_biomasses": [
                        {
                            "period": 38,
                            "biomass": 6922.5274399970895
                        },
                        {
                            "period": 39,
                            "biomass": 10947.771616515702
                        },
                        {
                            "period": 40,
                            "biomass": 17250.456396834565
                        },
                        {
                            "period": 41,
                            "biomass": 27206.652600712452
                        },
                        {
                            "period": 42,
                            "biomass": 40886.592555980984
                        },
                        {
                            "period": 43,
                            "biomass": 58297.24106071714
                        },
                        {
                            "period": 44,
                            "biomass": 79374.19556419479
                        },
                        {
                            "period": 45,
                            "biomass": 102228.10910883476
                        },
                        {
                            "period": 46,
                            "biomass": 125602.29674384104
                        },
                        {
                            "period": 47,
                            "biomass": 147905.88402271928
                        },
                        {
                            "period": 48,
                            "biomass": 81325.88315350511
                        },
                        {
                            "period": 49,
                            "biomass": 91562.77631220949
                        },
                        {
                            "period": 50,
                            "biomass": 104152.79321199251
                        },
                        {
                            "period": 51,
                            "biomass": 119386.2928819102
                        },
                        {
                            "period": 52,
                            "biomass": 136942.95009026147
                        },
                        {
                            "period": 53,
                            "biomass": 157500.0
                        }
                    ]
                },
                {
                    "tank": 1,
                    "start_period": 38,
                    "start_cause": "deploy",
                    "end_period": 53,
                    "end_cause": "harvest",
                    "period_biomasses": [
                        {
                            "period": 38,
                            "biomass": 6922.527439997028
                        },
                        {
                            "period": 39,
                            "biomass": 10947.771616515605
                        },
                        {
                            "period": 40,
                            "biomass": 17250.45639683441
                        },
                        {
                            "period": 41,
                            "biomass": 27206.652600712212
                        },
                        {
                            "period": 42,
                            "biomass": 40886.59255598062
                        },
                        {
                            "period": 43,
                            "biomass": 58297.24106071604
                        },
                        {
                            "period": 44,
                            "biomass": 79374.1955641947
                        },
                        {
                            "period": 45,
                            "biomass": 102228.10910883466
                        },
                        {
                            "period": 46,
                            "biomass": 125602.29674384094
                        },
                        {
                            "period": 47,
                            "biomass": 147905.88402271914
                        },
                        {
                            "period": 48,
                            "biomass": 81325.8831535051
                        },
                        {
                            "period": 49,
                            "biomass": 91562.77631220949
                        },
                        {
                            "period": 50,
                            "biomass": 104152.79321199251
                        },
                        {
                            "period": 51,
                            "biomass": 119386.2928819102
                        },
                        {
                            "period": 52,
                            "biomass": 136942.95009026147
                        },
                        {
                            "period": 53,
                            "biomass": 157500.0
                        }
                    ]
                },
                {
                    "tank": 2,
                    "start_period": 38,
                    "start_cause": "deploy",
                    "end_period": 43,
                    "end_cause": "post_smolt",
                    "period_biomasses": [
                        {
                            "period": 38,
                            "biomass": 18702.395721686662
                        },
                        {
                            "period": 39,
                            "biomass": 29577.283559718475
                        },
                        {
                            "period": 40,
                            "biomass": 46605.06797694061
                        },
                        {
                            "period": 41,
                            "biomass": 73503.44041412623
                        },
                        {
                            "period": 42,
                            "biomass": 110462.14555612562
                        },
                        {
                            "period": 43,
                            "biomass": 157500.0
                        }
                    ]
                },
                {
                    "tank": 2,
                    "start_period": 48,
                    "start_cause": "transfer",
                    "transfer": {
                        "period": 47,
                        "from_tank": 0,
                        "biomass": 76306.7817542496
                    },
                    "end_period": 53,
                    "end_cause": "harvest",
                    "period_biomasses": [
                        {
                            "period": 48,
                            "biomass": 81325.88315350511
                        },
                        {
                            "period": 49,
                            "biomass": 91562.77631220949
                        },
                        {
                            "period": 50,
                            "biomass": 104152.79321199251
                        },
                        {
                            "period": 51,
                            "biomass": 119386.2928819102
                        },
                        {
                            "period": 52,
                            "biomass": 136942.95009026147
                        },
                        {
                            "period": 53,
                            "biomass": 157500.0
                        }
                    ]
                },
                {
                    "tank": 3,
                    "start_period": 38,
                    "start_cause": "deploy",
                    "end_period": 43,
                    "end_cause": "post_smolt",
                    "period_biomasses": [
                        {
                            "period": 38,
                            "biomass": 18702.3957216866
                        },
                        {
                            "period": 39,
                            "biomass": 29577.283559718377
                        },
                        {
                            "period": 40,
                            "biomass": 46605.06797694046
                        },
                        {
                            "period": 41,
                            "biomass": 73503.44041412599
                        },
                        {
                            "period": 42,
                            "biomass": 110462.14555612562
                        },
                        {
                            "period": 43,
                            "biomass": 157499.99999999997
                        }
                    ]
                },
                {
                    "tank": 3,
                    "start_period": 48,
                    "start_cause": "transfer",
                    "transfer": {
                        "period": 47,
                        "from_tank": 1,
                        "biomass": 76306.7817542495
                    },
                    "end_period": 53,
                    "end_cause": "harvest",
                    "period_biomasses": [
                        {
                            "period": 48,
                            "biomass": 81325.88315350498
                        },
                        {
                            "period": 49,
                            "biomass": 91562.77631220936
                        },
                        {
                            "period": 50,
                            "biomass": 104152.79321199235
                        },
                        {
                            "period": 51,
                            "biomass": 119386.29288191
                        },
                        {
                            "period": 52,
                            "biomass": 136942.95009026126
                        },
                        {
                            "period": 53,
                            "biomass": 157500.0
                        }
                    ]
                }
            ]
        },
        {
            "deploy_period": 42,
            "module": 1,
            "tank_cycles": [
                {
                    "tank": 4,
                    "start_period": 42,
                    "start_cause": "deploy",
                    "end_period": 57,
                    "end_cause": "harvest",
                    "period_biomasses": [
                        {
                            "period": 42,
                            "biomass": 13198.415620609681
                        },
                        {
                            "period": 43,
                            "biomass": 23585.341569296666
                        },
                        {
                            "period": 44,
                            "biomass": 39055.25700967164
                        },
                        {
                            "period": 45,
                            "biomass": 58893.17558627558
                        },
                        {
                            "period": 46,
                            "biomass": 82032.60133274973
                        },
                        {
                            "period": 47,
                            "biomass": 106474.19544054817
                        },
                        {
                            "period": 48,
                            "biomass": 130578.0320018685
                        },
                        {
                            "period": 49,
                            "biomass": 157500.0
                        },
                        {
                            "period": 50,
                            "biomass": 98258.09488121132
                        },
                        {
                            "period": 51,
                            "biomass": 120054.67474766169
                        },
                        {
                            "period": 52,
                            "biomass": 146235.74232829156
                        },
                        {
                            "period": 53,
                            "biomass": 84800.05991676623
                        },
                        {
                            "period": 54,
                            "biomass": 101162.71535477928
                        },
                        {
                            "period": 55,
                            "biomass": 118908.31092279637
                        },
                        {
                            "period": 56,
                            "biomass": 138288.28672013863
                        },
                        {
                            "period": 57,
                            "biomass": 157500.0
                        }
                    ]
                },
                {
                    "tank": 5,
                    "start_period": 42,
                    "start_cause": "deploy",
                    "end_period": 47,
                    "end_cause": "post_smolt",
                    "period_biomasses": [
                        {
                            "period": 42,
                            "biomass": 19523.514140157116
                        },
                        {
                            "period": 43,
                            "biomass": 34888.18376878241
                        },
                        {
                            "period": 44,
                            "biomass": 57771.77233948722
                        },
                        {
                            "period": 45,
                            "biomass": 87116.64940464223
                        },
                        {
                            "period": 46,
                            "biomass": 121345.22037424891
                        },
                        {
                            "period": 47,
                            "biomass": 157500.0
                        }
                    ]
                },
                {
                    "tank": 5,
                    "start_period": 50,
                    "start_cause": "transfer",
                    "transfer": {
                        "period": 49,
                        "from_tank": 4,
                        "biomass": 76764.42574352438
                    },
                    "end_period": 57,
                    "end_cause": "harvest",
                    "period_biomasses": [
                        {
                            "period": 50,
                            "biomass": 84929.7015807319
                        },
                        {
                            "period": 51,
                            "biomass": 103769.64576829415
                        },
                        {
                            "period": 52,
                            "biomass": 126399.33606888508
                        },
                        {
                            "period": 53,
                            "biomass": 84800.05991676624
                        },
                        {
                            "period": 54,
                            "biomass": 101162.71535477931
                        },
                        {
                            "period": 55,
                            "biomass": 118908.3109227964
                        },
                        {
                            "period": 56,
                            "biomass": 138288.28672013865
                        },
                        {
                            "period": 57,
                            "biomass": 157500.0
                        }
                    ]
                },
                {
                    "tank": 6,
                    "start_period": 42,
                    "start_cause": "deploy",
                    "end_period": 47,
                    "end_cause": "post_smolt",
                    "period_biomasses": [
                        {
                            "period": 42,
                            "biomass": 19523.51414016303
                        },
                        {
                            "period": 43,
                            "biomass": 34888.18376879298
                        },
                        {
                            "period": 44,
                            "biomass": 57771.77233950473
                        },
                        {
                            "period": 45,
                            "biomass": 87116.64940466863
                        },
                        {
                            "period": 46,
                            "biomass": 121345.22037428568
                        },
                        {
                            "period": 47,
                            "biomass": 157499.99999999997
                        }
                    ]
                },
                {
                    "tank": 6,
                    "start_period": 53,
                    "start_cause": "transfer",
                    "transfer": {
                        "period": 52,
                        "from_tank": 4,
                        "biomass": 76613.6770322737
                    },
                    "end_period": 57,
                    "end_cause": "harvest",
                    "period_biomasses": [
                        {
                            "period": 53,
                            "biomass": 84800.05991676488
                        },
                        {
                            "period": 54,
                            "biomass": 101162.71535477767
                        },
                        {
                            "period": 55,
                            "biomass": 118908.31092279448
                        },
                        {
                            "period": 56,
                            "biomass": 138288.2867201364
                        },
                        {
                            "period": 57,
                            "biomass": 157499.9999999977
                        }
                    ]
                },
                {
                    "tank": 7,
                    "start_period": 42,
                    "start_cause": "deploy",
                    "end_period": 47,
                    "end_cause": "post_smolt",
                    "period_biomasses": [
                        {
                            "period": 42,
                            "biomass": 19523.514140168267
                        },
                        {
                            "period": 43,
                            "biomass": 34888.18376880234
                        },
                        {
                            "period": 44,
                            "biomass": 57771.77233952022
                        },
                        {
                            "period": 45,
                            "biomass": 87116.64940469198
                        },
                        {
                            "period": 46,
                            "biomass": 121345.22037428571
                        },
                        {
                            "period": 47,
                            "biomass": 157500.0
                        }
                    ]
                },
                {
                    "tank": 7,
                    "start_period": 53,
                    "start_cause": "transfer",
                    "transfer": {
                        "period": 52,
                        "from_tank": 5,
                        "biomass": 56777.270772867225
                    },
                    "end_period": 57,
                    "end_cause": "harvest",
                    "period_biomasses": [
                        {
                            "period": 53,
                            "biomass": 62844.07888974306
                        },
                        {
                            "period": 54,
                            "biomass": 74970.20250571078
                        },
                        {
                            "period": 55,
                            "biomass": 88121.20273986802
                        },
                        {
                            "period": 56,
                            "biomass": 102483.41815675462
                        },
                        {
                            "period": 57,
                            "biomass": 116720.93669331919
                        }
                    ]
                }
            ]
        },
        {
            "deploy_period": 56,
            "module": 0,
            "tank_cycles": [
                {
                    "tank": 0,
                    "start_period": 56,
                    "start_cause": "deploy",
                    "end_period": 62,
                    "end_cause": "post_smolt",
                    "period_biomasses": [
                        {
                            "period": 56,
                            "biomass": 19751.599527082275
                        },
                        {
                            "period": 57,
                            "biomass": 33211.10165906189
                        },
                        {
                            "period": 58,
                            "biomass": 51119.07460365539
                        },
                        {
                            "period": 59,
                            "biomass": 72189.01734793322
                        },
                        {
                            "period": 60,
                            "biomass": 94820.19570998159
                        },
                        {
                            "period": 61,
                            "biomass": 121757.5024388468
                        },
                        {
                            "period": 62,
                            "biomass": 157500.0
                        }
                    ]
                },
                {
                    "tank": 1,
                    "start_period": 56,
                    "start_cause": "deploy",
                    "end_period": 62,
                    "end_cause": "post_smolt",
                    "period_biomasses": [
                        {
                            "period": 56,
                            "biomass": 19751.59952708228
                        },
                        {
                            "period": 57,
                            "biomass": 33211.10165906189
                        },
                        {
                            "period": 58,
                            "biomass": 51119.0746036554
                        },
                        {
                            "period": 59,
                            "biomass": 72189.01734793323
                        },
                        {
                            "period": 60,
                            "biomass": 94820.19570998159
                        },
                        {
                            "period": 61,
                            "biomass": 121757.50243884682
                        },
                        {
                            "period": 62,
                            "biomass": 157500.0
                        }
                    ]
                },
                {
                    "tank": 2,
                    "start_period": 56,
                    "start_cause": "deploy",
                    "end_period": 62,
                    "end_cause": "post_smolt",
                    "period_biomasses": [
                        {
                            "period": 56,
                            "biomass": 19751.59952708228
                        },
                        {
                            "period": 57,
                            "biomass": 33211.10165906189
                        },
                        {
                            "period": 58,
                            "biomass": 51119.0746036554
                        },
                        {
                            "period": 59,
                            "biomass": 72189.01734793323
                        },
                        {
                            "period": 60,
                            "biomass": 94820.19570998159
                        },
                        {
                            "period": 61,
                            "biomass": 121757.50243884682
                        },
                        {
                            "period": 62,
                            "biomass": 157500.0
                        }
                    ]
                },
                {
                    "tank": 3,
                    "start_period": 56,
                    "start_cause": "deploy",
                    "end_period": 62,
                    "end_cause": "post_smolt",
                    "period_biomasses": [
                        {
                            "period": 56,
                            "biomass": 19751.59952708228
                        },
                        {
                            "period": 57,
                            "biomass": 33211.10165906189
                        },
                        {
                            "period": 58,
                            "biomass": 51119.0746036554
                        },
                        {
                            "period": 59,
                            "biomass": 72189.01734793323
                        },
                        {
                            "period": 60,
                            "biomass": 94820.19570998159
                        },
                        {
                            "period": 61,
                            "biomass": 121757.50243884682
                        },
                        {
                            "period": 62,
                            "biomass": 157500.0
                        }
                    ]
                }
            ]
        },
        {
            "deploy_period": 60,
            "module": 1,
            "tank_cycles": [
                {
                    "tank": 4,
                    "start_period": 60,
                    "start_cause": "deploy",
                    "end_period": 66,
                    "end_cause": "post_smolt",
                    "period_biomasses": [
                        {
                            "period": 60,
                            "biomass": 16650.564420171388
                        },
                        {
                            "period": 61,
                            "biomass": 24062.71269387917
                        },
                        {
                            "period": 62,
                            "biomass": 35493.15725319569
                        },
                        {
                            "period": 63,
                            "biomass": 52758.50175613084
                        },
                        {
                            "period": 64,
                            "biomass": 77409.62208712727
                        },
                        {
                            "period": 65,
                            "biomass": 112844.06701611332
                        },
                        {
                            "period": 66,
                            "biomass": 157500.0
                        }
                    ]
                },
                {
                    "tank": 5,
                    "start_period": 60,
                    "start_cause": "deploy",
                    "end_period": 66,
                    "end_cause": "post_smolt",
                    "period_biomasses": [
                        {
                            "period": 60,
                            "biomass": 16650.564420171384
                        },
                        {
                            "period": 61,
                            "biomass": 24062.712693879166
                        },
                        {
                            "period": 62,
                            "biomass": 35493.157253195684
                        },
                        {
                            "period": 63,
                            "biomass": 52758.50175613083
                        },
                        {
                            "period": 64,
                            "biomass": 77409.62208712725
                        },
                        {
                            "period": 65,
                            "biomass": 112844.0670161133
                        },
                        {
                            "period": 66,
                            "biomass": 157500.0
                        }
                    ]
                },
                {
                    "tank": 6,
                    "start_period": 60,
                    "start_cause": "deploy",
                    "end_period": 66,
                    "end_cause": "post_smolt",
                    "period_biomasses": [
                        {
                            "period": 60,
                            "biomass": 16650.564420171384
                        },
                        {
                            "period": 61,
                            "biomass": 24062.712693879166
                        },
                        {
                            "period": 62,
                            "biomass": 35493.157253195684
                        },
                        {
                            "period": 63,
                            "biomass": 52758.50175613083
                        },
                        {
                            "period": 64,
                            "biomass": 77409.62208712725
                        },
                        {
                            "period": 65,
                            "biomass": 112844.0670161133
                        },
                        {
                            "period": 66,
                            "biomass": 157500.0
                        }
                    ]
                },
                {
                    "tank": 7,
                    "start_period": 60,
                    "start_cause": "deploy",
                    "end_period": 66,
                    "end_cause": "post_smolt",
                    "period_biomasses": [
                        {
                            "period": 60,
                            "biomass": 16650.564420171384
                        },
                        {
                            "period": 61,
                            "biomass": 24062.712693879166
                        },
                        {
                            "period": 62,
                            "biomass": 35493.157253195684
                        },
                        {
                            "period": 63,
                            "biomass": 52758.50175613083
                        },
                        {
                            "period": 64,
                            "biomass": 77409.62208712725
                        },
                        {
                            "period": 65,
                            "biomass": 112844.0670161133
                        },
                        {
                            "period": 66,
                            "biomass": 157500.0
                        }
                    ]
                }
            ]
        },
        {
            "deploy_period": 67,
            "module": 0,
            "tank_cycles": [
                {
                    "tank": 0,
                    "start_period": 67,
                    "start_cause": "deploy",
                    "end_period": 82,
                    "end_cause": "harvest",
                    "period_biomasses": [
                        {
                            "period": 67,
                            "biomass": 10579.851160388425
                        },
                        {
                            "period": 68,
                            "biomass": 18616.31710486468
                        },
                        {
                            "period": 69,
                            "biomass": 29739.63199338327
                        },
                        {
                            "period": 70,
                            "biomass": 43547.12353913327
                        },
                        {
                            "period": 71,
                            "biomass": 58870.05113123503
                        },
                        {
                            "period": 72,
                            "biomass": 74567.75863661258
                        },
                        {
                            "period": 73,
                            "biomass": 92592.3906134833
                        },
                        {
                            "period": 74,
                            "biomass": 115925.97162013677
                        },
                        {
                            "period": 75,
                            "biomass": 145588.60475172632
                        },
                        {
                            "period": 76,
                            "biomass": 118766.00680664887
                        },
                        {
                            "period": 77,
                            "biomass": 148143.4287686572
                        },
                        {
                            "period": 78,
                            "biomass": 85887.58258439593
                        },
                        {
                            "period": 79,
                            "biomass": 102783.28324456463
                        },
                        {
                            "period": 80,
                            "biomass": 121257.1178753142
                        },
                        {
                            "period": 81,
                            "biomass": 139736.04709885255
                        },
                        {
                            "period": 82,
                            "biomass": 157500.0
                        }
                    ]
                },
                {
                    "tank": 1,
                    "start_period": 67,
                    "start_cause": "deploy",
                    "end_period": 73,
                    "end_cause": "post_smolt",
                    "period_biomasses": [
                        {
                            "period": 67,
                            "biomass": 21651.652755540254
                        },
                        {
                            "period": 68,
                            "biomass": 38098.2707063675
                        },
                        {
                            "period": 69,
                            "biomass": 60862.12133202161
                        },
                        {
                            "period": 70,
                            "biomass": 89119.13627878584
                        },
                        {
                            "period": 71,
                            "biomass": 120477.4892832806
                        },
                        {
                            "period": 72,
                            "biomass": 152602.8289323872
                        },
                        {
                            "period": 73,
                            "biomass": 157500.0
                        }
                    ]
                },
                {
                    "tank": 1,
                    "start_period": 78,
                    "start_cause": "transfer",
                    "transfer": {
                        "period": 77,
                        "from_tank": 0,
                        "biomass": 77608.38524503712
                    },
                    "end_period": 82,
                    "end_cause": "harvest",
                    "period_biomasses": [
                        {
                            "period": 78,
                            "biomass": 85887.58258439593
                        },
                        {
                            "period": 79,
                            "biomass": 102783.28324456463
                        },
                        {
                            "period": 80,
                            "biomass": 121257.1178753142
                        },
                        {
                            "period": 81,
                            "biomass": 139736.04709885255
                        },
                        {
                            "period": 82,
                            "biomass": 157500.0
                        }
                    ]
                },
                {
                    "tank": 2,
                    "start_period": 67,
                    "start_cause": "deploy",
                    "end_period": 73,
                    "end_cause": "post_smolt",
                    "period_biomasses": [
                        {
                            "period": 67,
                            "biomass": 17996.366080632622
                        },
                        {
                            "period": 68,
                            "biomass": 31666.424471701885
                        },
                        {
                            "period": 69,
                            "biomass": 50587.22437042017
                        },
                        {
                            "period": 70,
                            "biomass": 74073.81872279612
                        },
                        {
                            "period": 71,
                            "biomass": 100138.17541308113
                        },
                        {
                            "period": 72,
                            "biomass": 126840.03412647886
                        },
                        {
                            "period": 73,
                            "biomass": 157500.0
                        }
                    ]
                },
                {
                    "tank": 2,
                    "start_period": 76,
                    "start_cause": "transfer",
                    "transfer": {
                        "period": 75,
                        "from_tank": 0,
                        "biomass": 50409.78171516973
                    },
                    "end_period": 82,
                    "end_cause": "harvest",
                    "period_biomasses": [
                        {
                            "period": 76,
                            "biomass": 56547.66822169105
                        },
                        {
                            "period": 77,
                            "biomass": 70535.04352362186
                        },
                        {
                            "period": 78,
                            "biomass": 85887.58258439811
                        },
                        {
                            "period": 79,
                            "biomass": 102783.28324456725
                        },
                        {
                            "period": 80,
                            "biomass": 121257.11787531729
                        },
                        {
                            "period": 81,
                            "biomass": 139736.0470988561
                        },
                        {
                            "period": 82,
                            "biomass": 157500.0
                        }
                    ]
                },
                {
                    "tank": 3,
                    "start_period": 73,
                    "start_cause": "transfer",
                    "transfer": {
                        "period": 72,
                        "from_tank": 1,
                        "biomass": 25762.794805908263
                    },
                    "end_period": 82,
                    "end_cause": "harvest",
                    "period_biomasses": [
                        {
                            "period": 73,
                            "biomass": 28821.115759846343
                        },
                        {
                            "period": 74,
                            "biomass": 36084.12986747197
                        },
                        {
                            "period": 75,
                            "biomass": 45317.17998706683
                        },
                        {
                            "period": 76,
                            "biomass": 56547.66822168963
                        },
                        {
                            "period": 77,
                            "biomass": 70535.04352362007
                        },
                        {
                            "period": 78,
                            "biomass": 85887.58258439593
                        },
                        {
                            "period": 79,
                            "biomass": 102783.28324456463
                        },
                        {
                            "period": 80,
                            "biomass": 121257.1178753142
                        },
                        {
                            "period": 81,
                            "biomass": 139736.04709885255
                        },
                        {
                            "period": 82,
                            "biomass": 157500.0
                        }
                    ]
                }
            ]
        },
        {
            "deploy_period": 68,
            "module": 1,
            "tank_cycles": [
                {
                    "tank": 4,
                    "start_period": 68,
                    "start_cause": "deploy",
                    "end_period": 84,
                    "end_cause": "harvest",
                    "period_biomasses": [
                        {
                            "period": 68,
                            "biomass": 11837.892947457758
                        },
                        {
                            "period": 69,
                            "biomass": 19904.690026144315
                        },
                        {
                            "period": 70,
                            "biomass": 30637.626684433453
                        },
                        {
                            "period": 71,
                            "biomass": 43265.65340570378
                        },
                        {
                            "period": 72,
                            "biomass": 56829.38865445739
                        },
                        {
                            "period": 73,
                            "biomass": 72973.95218268751
                        },
                        {
                            "period": 74,
                            "biomass": 94395.80509255179
                        },
                        {
                            "period": 75,
                            "biomass": 122478.96651099094
                        },
                        {
                            "period": 76,
                            "biomass": 157500.0
                        },
                        {
                            "period": 77,
                            "biomass": 112960.76798269528
                        },
                        {
                            "period": 78,
                            "biomass": 140891.87905169686
                        },
                        {
                            "period": 79,
                            "biomass": 81863.1096278016
                        },
                        {
                            "period": 80,
                            "biomass": 98188.90207357929
                        },
                        {
                            "period": 81,
                            "biomass": 114751.99104604358
                        },
                        {
                            "period": 82,
                            "biomass": 130640.78429374562
                        },
                        {
                            "period": 83,
                            "biomass": 145053.54835010465
                        },
                        {
                            "period": 84,
                            "biomass": 157500.0
                        }
                    ]
                },
                {
                    "tank": 5,
                    "start_period": 68,
                    "start_cause": "deploy",
                    "end_period": 74,
                    "end_cause": "post_smolt",
                    "period_biomasses": [
                        {
                            "period": 68,
                            "biomass": 19751.59952708228
                        },
                        {
                            "period": 69,
                            "biomass": 33211.10165906189
                        },
                        {
                            "period": 70,
                            "biomass": 51119.0746036554
                        },
                        {
                            "period": 71,
                            "biomass": 72189.01734793323
                        },
                        {
                            "period": 72,
                            "biomass": 94820.19570998159
                        },
                        {
                            "period": 73,
                            "biomass": 121757.50243884682
                        },
                        {
                            "period": 74,
                            "biomass": 157500.0
                        }
                    ]
                },
                {
                    "tank": 5,
                    "start_period": 77,
                    "start_cause": "transfer",
                    "transfer": {
                        "period": 76,
                        "from_tank": 4,
                        "biomass": 69403.08056481047
                    },
                    "end_period": 84,
                    "end_cause": "harvest",
                    "period_biomasses": [
                        {
                            "period": 77,
                            "biomass": 79047.78009074868
                        },
                        {
                            "period": 78,
                            "biomass": 98593.43620571902
                        },
                        {
                            "period": 79,
                            "biomass": 81863.10962780156
                        },
                        {
                            "period": 80,
                            "biomass": 98188.90207357924
                        },
                        {
                            "period": 81,
                            "biomass": 114751.99104604352
                        },
                        {
                            "period": 82,
                            "biomass": 130640.78429374556
                        },
                        {
                            "period": 83,
                            "biomass": 145053.5483501046
                        },
                        {
                            "period": 84,
                            "biomass": 157499.99999999994
                        }
                    ]
                },
                {
                    "tank": 6,
                    "start_period": 68,
                    "start_cause": "deploy",
                    "end_period": 74,
                    "end_cause": "post_smolt",
                    "period_biomasses": [
                        {
                            "period": 68,
                            "biomass": 19751.59952708228
                        },
                        {
                            "period": 69,
                            "biomass": 33211.10165906189
                        },
                        {
                            "period": 70,
                            "biomass": 51119.0746036554
                        },
                        {
                            "period": 71,
                            "biomass": 72189.01734793323
                        },
                        {
                            "period": 72,
                            "biomass": 94820.19570998159
                        },
                        {
                            "period": 73,
                            "biomass": 121757.50243884682
                        },
                        {
                            "period": 74,
                            "biomass": 157500.0
                        }
                    ]
                },
                {
                    "tank": 6,
                    "start_period": 79,
                    "start_cause": "transfer",
                    "transfer": {
                        "period": 78,
                        "from_tank": 4,
                        "biomass": 73854.897116373
                    },
                    "end_period": 84,
                    "end_cause": "harvest",
                    "period_biomasses": [
                        {
                            "period": 79,
                            "biomass": 81863.10962780128
                        },
                        {
                            "period": 80,
                            "biomass": 98188.90207357892
                        },
                        {
                            "period": 81,
                            "biomass": 114751.99104604314
                        },
                        {
                            "period": 82,
                            "biomass": 130640.78429374512
                        },
                        {
                            "period": 83,
                            "biomass": 145053.5483501041
                        },
                        {
                            "period": 84,
                            "biomass": 157499.99999999942
                        }
                    ]
                },
                {
                    "tank": 7,
                    "start_period": 68,
                    "start_cause": "deploy",
                    "end_period": 74,
                    "end_cause": "post_smolt",
                    "period_biomasses": [
                        {
                            "period": 68,
                            "biomass": 19751.59952708228
                        },
                        {
                            "period": 69,
                            "biomass": 33211.10165906189
                        },
                        {
                            "period": 70,
                            "biomass": 51119.0746036554
                        },
                        {
                            "period": 71,
                            "biomass": 72189.01734793323
                        },
                        {
                            "period": 72,
                            "biomass": 94820.19570998159
                        },
                        {
                            "period": 73,
                            "biomass": 121757.50243884682
                        },
                        {
                            "period": 74,
                            "biomass": 157500.0
                        }
                    ]
                },
                {
                    "tank": 7,
                    "start_period": 79,
                    "start_cause": "transfer",
                    "transfer": {
                        "period": 78,
                        "from_tank": 5,
                        "biomass": 31556.454270395185
                    },
                    "end_period": 84,
                    "end_cause": "harvest",
                    "period_biomasses": [
                        {
                            "period": 79,
                            "biomass": 34978.17445106644
                        },
                        {
                            "period": 80,
                            "biomass": 41953.800209929395
                        },
                        {
                            "period": 81,
                            "biomass": 49030.81717350976
                        },
                        {
                            "period": 82,
                            "biomass": 55819.72348994299
                        },
                        {
                            "period": 83,
                            "biomass": 61977.95737303722
                        },
                        {
                            "period": 84,
                            "biomass": 67296.03237759278
                        }
                    ]
                }
            ]
        }
    ]
}