{
    "modules": [
        {
            "module_index": 0,
            "tank_indices": [
                0,
                1,
                2,
                3
            ],
            "tank_transfers": [
                {
                    "from": 0,
                    "to": 1
                },
                {
                    "from": 0,
                    "to": 2
                },
                {
                    "from": 1,
                    "to": 3
                }
            ]
        }
    ],
    "pre_planning_horizon": {
        "first_year": 2021,
        "first_period": 0,
        "last_period": 23,
        "deploy_periods": [
            6,
            7,
            8,
            12,
            13,
            14,
            18,
            19,
            20
        ]
    },
    "planning_horizon": {
        "first_year": 2023,
        "first_period": 24,
        "last_ordinary_horizon_period": 71,
        "last_period": 85,
        "deploy_periods": [
            24,
            25,
            26,
            30,
            31,
            32,
            36,
            37,
            38,
            42,
            43,
            44,
            48,
            49,
            50,
            54,
            55,
            56,
            60,
            61,
            62,
            66,
            67,
            68,
            72,
            73,
            74
        ]
    },
    "production_cycles": [
        {
            "deploy_period": 20,
            "module": 0,
            "tank_cycles": [
                {
                    "tank": 0,
                    "start_period": 24,
                    "start_cause": "pre_planning_deploy",
                    "end_period": 34,
                    "end_cause": "harvest",
                    "period_biomasses": [
                        {
                            "period": 24,
                            "biomass": 70682.0
                        },
                        {
                            "period": 25,
                            "biomass": 90761.92812030467
                        },
                        {
                            "period": 26,
                            "biomass": 117405.52649827642
                        },
                        {
                            "period": 27,
                            "biomass": 152334.17983022504
                        },
                        {
                            "period": 28,
                            "biomass": 195891.86622592385
                        },
                        {
                            "period": 29,
                            "biomass": 124010.98168082062
                        },
                        {
                            "period": 30,
                            "biomass": 154674.41080723683
                        },
                        {
                            "period": 31,
                            "biomass": 98693.8331401002
                        },
                        {
                            "period": 32,
                            "biomass": 118376.14233711478
                        },
                        {
                            "period": 33,
                            "biomass": 138344.53526483555
                        },
                        {
                            "period": 34,
                            "biomass": 157500.00000000003
                        }
                    ]
                },
                {
                    "tank": 1,
                    "start_period": 24,
                    "start_cause": "pre_planning_deploy",
                    "end_period": 26,
                    "end_cause": "post_smolt",
                    "period_biomasses": [
                        {
                            "period": 24,
                            "biomass": 94820.0
                        },
                        {
                            "period": 25,
                            "biomass": 121757.2511299523
                        },
                        {
                            "period": 26,
                            "biomass": 157499.67491817675
                        }
                    ]
                },
                {
                    "tank": 1,
                    "start_period": 29,
                    "start_cause": "transfer",
                    "transfer": {
                        "period": 28,
                        "from_tank": 0,
                        "biomass": 99177.0009030567
                    },
                    "end_period": 36,
                    "end_cause": "harvest",
                    "period_biomasses": [
                        {
                            "period": 29,
                            "biomass": 112959.2763555195
                        },
                        {
                            "period": 30,
                            "biomass": 140890.01859908667
                        },
                        {
                            "period": 31,
                            "biomass": 81863.1096278017
                        },
                        {
                            "period": 32,
                            "biomass": 98188.90207357942
                        },
                        {
                            "period": 33,
                            "biomass": 114751.99104604372
                        },
                        {
                            "period": 34,
                            "biomass": 130640.78429374579
                        },
                        {
                            "period": 35,
                            "biomass": 145053.54835010465
                        },
                        {
                            "period": 36,
                            "biomass": 157500.0
                        }
                    ]
                },
                {
                    "tank": 2,
                    "start_period": 24,
                    "start_cause": "pre_planning_deploy",
                    "end_period": 27,
                    "end_cause": "post_smolt",
                    "period_biomasses": [
                        {
                            "period": 24,
                            "biomass": 73078.0
                        },
                        {
                            "period": 25,
                            "biomass": 93838.60364980652
                        },
                        {
                            "period": 26,
                            "biomass": 121385.3748541502
                        },
                        {
                            "period": 27,
                            "biomass": 157498.05033294635
                        }
                    ]
                },
                {
                    "tank": 2,
                    "start_period": 31,
                    "start_cause": "transfer",
                    "transfer": {
                        "period": 30,
                        "from_tank": 0,
                        "biomass": 73854.8971163734
                    },
                    "end_period": 36,
                    "end_cause": "harvest",
                    "period_biomasses": [
                        {
                            "period": 31,
                            "biomass": 81863.1096278017
                        },
                        {
                            "period": 32,
                            "biomass": 98188.90207357942
                        },
                        {
                            "period": 33,
                            "biomass": 114751.99104604372
                        },
                        {
                            "period": 34,
                            "biomass": 130640.78429374579
                        },
                        {
                            "period": 35,
                            "biomass": 145053.54835010465
                        },
                        {
                            "period": 36,
                            "biomass": 157500.0
                        }
                    ]
                },
                {
                    "tank": 3,
                    "start_period": 24,
                    "start_cause": "pre_planning_deploy",
                    "end_period": 26,
                    "end_cause": "post_smolt",
                    "period_biomasses": [
                        {
                            "period": 24,
                            "biomass": 94820.0
                        },
                        {
                            "period": 25,
                            "biomass": 121757.2511299523
                        },
                        {
                            "period": 26,
                            "biomass": 157499.67491817675
                        }
                    ]
                },
                {
                    "tank": 3,
                    "start_period": 31,
                    "start_cause": "transfer",
                    "transfer": {
                        "period": 30,
                        "from_tank": 1,
                        "biomass": 73853.03666376269
                    },
                    "end_period": 36,
                    "end_cause": "harvest",
                    "period_biomasses": [
                        {
                            "period": 31,
                            "biomass": 81861.04744313998
                        },
                        {
                            "period": 32,
                            "biomass": 98186.42863165021
                        },
                        {
                            "period": 33,
                            "biomass": 114749.10036919412
                        },
                        {
                            "period": 34,
                            "biomass": 130637.49336792105
                        },
                        {
                            "period": 35,
                            "biomass": 145049.89435743468
                        },
                        {
                            "period": 36,
                            "biomass": 157496.03247316548
                        }
                    ]
                }
            ]
        },
        {
            "deploy_period": 42,
            "module": 0,
            "tank_cycles": [
                {
                    "tank": 0,
                    "start_period": 42,
                    "start_cause": "deploy",
                    "end_period": 48,
                    "end_cause": "post_smolt",
                    "period_biomasses": [
                        {
                            "period": 42,
                            "biomass": 15919.603231700408
                        },
                        {
                            "period": 43,
                            "biomass": 28448.056998677006
                        },
                        {
                            "period": 44,
                            "biomass": 47107.48726045483
                        },
                        {
                            "period": 45,
                            "biomass": 71035.49511839537
                        },
                        {
                            "period": 46,
                            "biomass": 98945.69945519783
                        },
                        {
                            "period": 47,
                            "biomass": 128426.54713655336
                        },
                        {
                            "period": 48,
                            "biomass": 157500.0
                        }
                    ]
                },
                {
                    "tank": 1,
                    "start_period": 42,
                    "start_cause": "deploy",
                    "end_period": 47,
                    "end_cause": "post_smolt",
                    "period_biomasses": [
                        {
                            "period": 42,
                            "biomass": 19523.514140163035
                        },
                        {
                            "period": 43,
                            "biomass": 34888.18376879299
                        },
                        {
                            "period": 44,
                            "biomass": 57771.77233950474
                        },
                        {
                            "period": 45,
                            "biomass": 87116.64940466864
                        },
                        {
                            "period": 46,
                            "biomass": 121345.2203742857
                        },
                        {
                            "period": 47,
                            "biomass": 157500.0
                        }
                    ]
                },
                {
                    "tank": 2,
                    "start_period": 42,
                    "start_cause": "deploy",
                    "end_period": 48,
                    "end_cause": "post_smolt",
                    "period_biomasses": [
                        {
                            "period": 42,
                            "biomass": 15739.108863845713
                        },
                        {
                            "period": 43,
                            "biomass": 28125.516669628738
                        },
                        {
                            "period": 44,
                            "biomass": 46573.38876499938
                        },
                        {
                            "period": 45,
                            "biomass": 70230.10401661786
                        },
                        {
                            "period": 46,
                            "biomass": 97823.8661271194
                        },
                        {
                            "period": 47,
                            "biomass": 126970.46383448872
                        },
                        {
                            "period": 48,
                            "biomass": 155714.28571281812
                        }
                    ]
                },
                {
                    "tank": 3,
                    "start_period": 42,
                    "start_cause": "deploy",
                    "end_period": 47,
                    "end_cause": "post_smolt",
                    "period_biomasses": [
                        {
                            "period": 42,
                            "biomass": 17880.544872350565
                        },
                        {
                            "period": 43,
                            "biomass": 31952.2259627132
                        },
                        {
                            "period": 44,
                            "biomass": 52910.08372036395
                        },
                        {
                            "period": 45,
                            "biomass": 79785.49085098274
                        },
                        {
                            "period": 46,
                            "biomass": 111133.6126463125
                        },
                        {
                            "period": 47,
                            "biomass": 144245.8461718151
                        }
                    ]
                }
            ]
        },
        {
            "deploy_period": 50,
            "module": 0,
            "tank_cycles": [
                {
                    "tank": 0,
                    "start_period": 50,
                    "start_cause": "deploy",
                    "end_period": 64,
                    "end_cause": "harvest",
                    "period_biomasses": [
                        {
                            "period": 50,
                            "biomass": 14799.341323573433
                        },
                        {
                            "period": 51,
                            "biomass": 23404.718910787484
                        },
                        {
                            "period": 52,
                            "biomass": 36878.92816850759
                        },
                        {
                            "period": 53,
                            "biomass": 58163.80528641136
                        },
                        {
                            "period": 54,
                            "biomass": 87409.4966092462
                        },
                        {
                            "period": 55,
                            "biomass": 124630.89184666697
                        },
                        {
                            "period": 56,
                            "biomass": 169690.30785649596
                        },
                        {
                            "period": 57,
                            "biomass": 218548.59986878163
                        },
                        {
                            "period": 58,
                            "biomass": 129763.0177585512
                        },
                        {
                            "period": 59,
                            "biomass": 152805.4371026098
                        },
                        {
                            "period": 60,
                            "biomass": 86891.04345098337
                        },
                        {
                            "period": 61,
                            "biomass": 97828.45099904663
                        },
                        {
                            "period": 62,
                            "biomass": 111280.00741710333
                        },
                        {
                            "period": 63,
                            "biomass": 127555.94111008174
                        },
                        {
                            "period": 64,
                            "biomass": 146314.0068720657
                        }
                    ]
                },
                {
                    "tank": 1,
                    "start_period": 50,
                    "start_cause": "deploy",
                    "end_period": 55,
                    "end_cause": "post_smolt",
                    "period_biomasses": [
                        {
                            "period": 50,
                            "biomass": 18702.395721684403
                        },
                        {
                            "period": 51,
                            "biomass": 29577.283559714902
                        },
                        {
                            "period": 52,
                            "biomass": 46605.06797693499
                        },
                        {
                            "period": 53,
                            "biomass": 73503.44041411736
                        },
                        {
                            "period": 54,
                            "biomass": 110462.14555612562
                        },
                        {
                            "period": 55,
                            "biomass": 157500.0
                        }
                    ]
                },
                {
                    "tank": 1,
                    "start_period": 58,
                    "start_cause": "transfer",
                    "transfer": {
                        "period": 57,
                        "from_tank": 0,
                        "biomass": 112934.06668260158
                    },
                    "end_period": 65,
                    "end_cause": "harvest",
                    "period_biomasses": [
                        {
                            "period": 58,
                            "biomass": 125602.2967438411
                        },
                        {
                            "period": 59,
                            "biomass": 147905.88402271934
                        },
                        {
                            "period": 60,
                            "biomass": 81325.88315350511
                        },
                        {
                            "period": 61,
                            "biomass": 91562.77631220949
                        },
                        {
                            "period": 62,
                            "biomass": 104152.79321199251
                        },
                        {
                            "period": 63,
                            "biomass": 119386.2928819102
                        },
                        {
                            "period": 64,
                            "biomass": 136942.95009026147
                        },
                        {
                            "period": 65,
                            "biomass": 157500.0
                        }
                    ]
                },
                {
                    "tank": 2,
                    "start_period": 50,
                    "start_cause": "deploy",
                    "end_period": 55,
                    "end_cause": "post_smolt",
                    "period_biomasses": [
                        {
                            "period": 50,
                            "biomass": 18702.395721684403
                        },
                        {
                            "period": 51,
                            "biomass": 29577.283559714902
                        },
                        {
                            "period": 52,
                            "biomass": 46605.06797693499
                        },
                        {
                            "period": 53,
                            "biomass": 73503.44041411736
                        },
                        {
                            "period": 54,
                            "biomass": 110462.14555612562
                        },
                        {
                            "period": 55,
                            "biomass": 157500.0
                        }
                    ]
                },
                {
                    "tank": 2,
                    "start_period": 60,
                    "start_cause": "transfer",
                    "transfer": {
                        "period": 59,
                        "from_tank": 0,
                        "biomass": 76306.7817542496
                    },
                    "end_period": 65,
                    "end_cause": "harvest",
                    "period_biomasses": [
                        {
                            "period": 60,
                            "biomass": 81325.88315350508
                        },
                        {
                            "period": 61,
                            "biomass": 91562.77631220948
                        },
                        {
                            "period": 62,
                            "biomass": 104152.79321199248
                        },
                        {
                            "period": 63,
                            "biomass": 119386.29288191017
                        },
                        {
                            "period": 64,
                            "biomass": 136942.95009026144
                        },
                        {
                            "period": 65,
                            "biomass": 157500.0
                        }
                    ]
                },
                {
                    "tank": 3,
                    "start_period": 50,
                    "start_cause": "deploy",
                    "end_period": 56,
                    "end_cause": "post_smolt",
                    "period_biomasses": [
                        {
                            "period": 50,
                            "biomass": 13736.177910844592
                        },
                        {
                            "period": 51,
                            "biomass": 21723.357538878547
                        },
                        {
                            "period": 52,
                            "biomass": 34229.59896714925
                        },
                        {
                            "period": 53,
                            "biomass": 53985.40110114552
                        },
                        {
                            "period": 54,
                            "biomass": 81130.12398798163
                        },
                        {
                            "period": 55,
                            "biomass": 115677.58768196865
                        },
                        {
                            "period": 56,
                            "biomass": 157500.00000000012
                        }
                    ]
                },
                {
                    "tank": 3,
                    "start_period": 60,
                    "start_cause": "transfer",
                    "transfer": {
                        "period": 59,
                        "from_tank": 1,
                        "biomass": 76306.78175424965
                    },
                    "end_period": 65,
                    "end_cause": "harvest",
                    "period_biomasses": [
                        {
                            "period": 60,
                            "biomass": 81325.88315350514
                        },
                        {
                            "period": 61,
                            "biomass": 91562.77631220953
                        },
                        {
                            "period": 62,
                            "biomass": 104152.79321199255
                        },
                        {
                            "period": 63,
                            "biomass": 119386.29288191024
                        },
                        {
                            "period": 64,
                            "biomass": 136942.95009026153
                        },
                        {
                            "period": 65,
                            "biomass": 157500.0
                        }
                    ]
                }
            ]
        },
        {
            "deploy_period": 68,
            "module": 0,
            "tank_cycles": [
                {
                    "tank": 0,
                    "start_period": 68,
                    "start_cause": "deploy",
                    "end_period": 82,
                    "end_cause": "harvest",
                    "period_biomasses": [
                        {
                            "period": 68,
                            "biomass": 14723.57077426804
                        },
                        {
                            "period": 69,
                            "biomass": 24756.780082450463
                        },
                        {
                            "period": 70,
                            "biomass": 38106.043604722225
                        },
                        {
                            "period": 71,
                            "biomass": 53812.35603677551
                        },
                        {
                            "period": 72,
                            "biomass": 70682.47108046204
                        },
                        {
                            "period": 73,
                            "biomass": 90762.533029207
                        },
                        {
                            "period": 74,
                            "biomass": 117406.30898108207
                        },
                        {
                            "period": 75,
                            "biomass": 152335.19510505907
                        },
                        {
                            "period": 76,
                            "biomass": 195893.17180345207
                        },
                        {
                            "period": 77,
                            "biomass": 124010.97648173966
                        },
                        {
                            "period": 78,
                            "biomass": 154674.40432261123
                        },
                        {
                            "period": 79,
                            "biomass": 98693.82308199545
                        },
                        {
                            "period": 80,
                            "biomass": 118376.13027314277
                        },
                        {
                            "period": 81,
                            "biomass": 138344.52116584088
                        },
                        {
                            "period": 82,
                            "biomass": 157499.98394882996
                        }
                    ]
                },
                {
                    "tank": 1,
                    "start_period": 68,
                    "start_cause": "deploy",
                    "end_period": 74,
                    "end_cause": "post_smolt",
                    "period_biomasses": [
                        {
                            "period": 68,
                            "biomass": 19751.59952708228
                        },
                        {
                            "period": 69,
                            "biomass": 33211.10165906189
                        },
                        {
                            "period": 70,
                            "biomass": 51119.0746036554
                        },
                        {
                            "period": 71,
                            "biomass": 72189.01734793323
                        },
                        {
                            "period": 72,
                            "biomass": 94820.19570998159
                        },
                        {
                            "period": 73,
                            "biomass": 121757.50243884682
                        },
                        {
                            "period": 74,
                            "biomass": 157500.0
                        }
                    ]
                },
                {
                    "tank": 1,
                    "start_period": 77,
                    "start_cause": "transfer",
                    "transfer": {
                        "period": 76,
                        "from_tank": 0,
                        "biomass": 99178.3105352937
                    },
                    "end_period": 84,
                    "end_cause": "harvest",
                    "period_biomasses": [
                        {
                            "period": 77,
                            "biomass": 112960.76798269551
                        },
                        {
                            "period": 78,
                            "biomass": 140891.87905169715
                        },
                        {
                            "period": 79,
                            "biomass": 81863.1096278016
                        },
                        {
                            "period": 80,
                            "biomass": 98188.90207357929
                        },
                        {
                            "period": 81,
                            "biomass": 114751.99104604358
                        },
                        {
                            "period": 82,
                            "biomass": 130640.78429374562
                        },
                        {
                            "period": 83,
                            "biomass": 145053.54835010465
                        },
                        {
                            "period": 84,
                            "biomass": 157500.0
                        }
                    ]
                },
                {
                    "tank": 2,
                    "start_period": 68,
                    "start_cause": "deploy",
                    "end_period": 75,
                    "end_cause": "post_smolt",
                    "period_biomasses": [
                        {
                            "period": 68,
                            "biomass": 15222.76380073037
                        },
                        {
                            "period": 69,
                            "biomass": 25596.142501003113
                        },
                        {
                            "period": 70,
                            "biomass": 39398.00406222154
                        },
                        {
                            "period": 71,
                            "biomass": 55636.82873316881
                        },
                        {
                            "period": 72,
                            "biomass": 73078.91398126686
                        },
                        {
                            "period": 73,
                            "biomass": 93839.77728244348
                        },
                        {
                            "period": 74,
                            "biomass": 121386.89301226464
                        },
                        {
                            "period": 75,
                            "biomass": 157499.93227096292
                        }
                    ]
                },
                {
                    "tank": 2,
                    "start_period": 79,
                    "start_cause": "transfer",
                    "transfer": {
                        "period": 78,
                        "from_tank": 0,
                        "biomass": 73854.8988682415
                    },
                    "end_period": 84,
                    "end_cause": "harvest",
                    "period_biomasses": [
                        {
                            "period": 79,
                            "biomass": 81863.11156962786
                        },
                        {
                            "period": 80,
                            "biomass": 98188.90440265999
                        },
                        {
                            "period": 81,
                            "biomass": 114751.99376800748
                        },
                        {
                            "period": 82,
                            "biomass": 130640.78739259815
                        },
                        {
                            "period": 83,
                            "biomass": 145053.55179083382
                        },
                        {
                            "period": 84,
                            "biomass": 157499.95646029295
                        }
                    ]
                },
                {
                    "tank": 3,
                    "start_period": 68,
                    "start_cause": "deploy",
                    "end_period": 74,
                    "end_cause": "post_smolt",
                    "period_biomasses": [
                        {
                            "period": 68,
                            "biomass": 19751.599527082275
                        },
                        {
                            "period": 69,
                            "biomass": 33211.10165906189
                        },
                        {
                            "period": 70,
                            "biomass": 51119.07460365539
                        },
                        {
                            "period": 71,
                            "biomass": 72189.01734793322
                        },
                        {
                            "period": 72,
                            "biomass": 94820.19570998159
                        },
                        {
                            "period": 73,
                            "biomass": 121757.5024388468
                        },
                        {
                            "period": 74,
                            "biomass": 157499.99999999997
                        }
                    ]
                },
                {
                    "tank": 3,
                    "start_period": 79,
                    "start_cause": "transfer",
                    "transfer": {
                        "period": 78,
                        "from_tank": 1,
                        "biomass": 73854.8971163733
                    },
                    "end_period": 84,
                    "end_cause": "harvest",
                    "period_biomasses": [
                        {
                            "period": 79,
                            "biomass": 81863.1096278016
                        },
                        {
                            "period": 80,
                            "biomass": 98188.90207357929
                        },
                        {
                            "period": 81,
                            "biomass": 114751.99104604358
                        },
                        {
                            "period": 82,
                            "biomass": 130640.78429374562
                        },
                        {
                            "period": 83,
                            "biomass": 145053.54835010465
                        },
                        {
                            "period": 84,
                            "biomass": 157500.0
                        }
                    ]
                }
            ]
        }
    ]
}