{
    "modules": [
        {
            "module_index": 0,
            "tank_indices": [
                0,
                1,
                2,
                3
            ],
            "tank_transfers": [
                {
                    "from": 0,
                    "to": 1
                },
                {
                    "from": 0,
                    "to": 2
                },
                {
                    "from": 1,
                    "to": 3
                }
            ]
        }
    ],
    "pre_planning_horizon": {
        "first_year": 2021,
        "first_period": 0,
        "last_period": 23,
        "deploy_periods": [
            6,
            7,
            8,
            12,
            13,
            14,
            18,
            19,
            20
        ]
    },
    "planning_horizon": {
        "first_year": 2023,
        "first_period": 24,
        "last_ordinary_horizon_period": 71,
        "last_period": 85,
        "deploy_periods": [
            24,
            25,
            26,
            30,
            31,
            32,
            36,
            37,
            38,
            42,
            43,
            44,
            48,
            49,
            50,
            54,
            55,
            56,
            60,
            61,
            62,
            66,
            67,
            68,
            72,
            73,
            74
        ]
    },
    "production_cycles": [
        {
            "deploy_period": 20,
            "module": 0,
            "tank_cycles": [
                {
                    "tank": 0,
                    "start_period": 24,
                    "start_cause": "pre_planning_deploy",
                    "end_period": 34,
                    "end_cause": "harvest",
                    "period_biomasses": [
                        {
                            "period": 24,
                            "biomass": 70682.0
                        },
                        {
                            "period": 25,
                            "biomass": 90761.92812030467
                        },
                        {
                            "period": 26,
                            "biomass": 117405.52649827642
                        },
                        {
                            "period": 27,
                            "biomass": 152334.17983022504
                        },
                        {
                            "period": 28,
                            "biomass": 195891.86622592385
                        },
                        {
                            "period": 29,
                            "biomass": 124010.98168082244
                        },
                        {
                            "period": 30,
                            "biomass": 154674.41080723668
                        },
                        {
                            "period": 31,
                            "biomass": 98693.83314010019
                        },
                        {
                            "period": 32,
                            "biomass": 118376.14233711477
                        },
                        {
                            "period": 33,
                            "biomass": 138344.53526483555
                        },
                        {
                            "period": 34,
                            "biomass": 157500.0
                        }
                    ]
                },
                {
                    "tank": 1,
                    "start_period": 24,
                    "start_cause": "pre_planning_deploy",
                    "end_period": 26,
                    "end_cause": "post_smolt",
                    "period_biomasses": [
                        {
                            "period": 24,
                            "biomass": 94820.0
                        },
                        {
                            "period": 25,
                            "biomass": 121757.2511299523
                        },
                        {
                            "period": 26,
                            "biomass": 157499.67491817675
                        }
                    ]
                },
                {
                    "tank": 1,
                    "start_period": 29,
                    "start_cause": "transfer",
                    "transfer": {
                        "period": 28,
                        "from_tank": 0,
                        "biomass": 99177.00090305529
                    },
                    "end_period": 36,
                    "end_cause": "harvest",
                    "period_biomasses": [
                        {
                            "period": 29,
                            "biomass": 112959.27635551788
                        },
                        {
                            "period": 30,
                            "biomass": 140890.0185990868
                        },
                        {
                            "period": 31,
                            "biomass": 81863.1096278016
                        },
                        {
                            "period": 32,
                            "biomass": 98188.90207357929
                        },
                        {
                            "period": 33,
                            "biomass": 114751.99104604358
                        },
                        {
                            "period": 34,
                            "biomass": 130640.78429374562
                        },
                        {
                            "period": 35,
                            "biomass": 145053.54835010465
                        },
                        {
                            "period": 36,
                            "biomass": 157500.0
                        }
                    ]
                },
                {
                    "tank": 2,
                    "start_period": 24,
                    "start_cause": "pre_planning_deploy",
                    "end_period": 26,
                    "end_cause": "post_smolt",
                    "period_biomasses": [
                        {
                            "period": 24,
                            "biomass": 94820.0
                        },
                        {
                            "period": 25,
                            "biomass": 121757.2511299523
                        },
                        {
                            "period": 26,
                            "biomass": 157499.67491817675
                        }
                    ]
                },
                {
                    "tank": 2,
                    "start_period": 31,
                    "start_cause": "transfer",
                    "transfer": {
                        "period": 30,
                        "from_tank": 0,
                        "biomass": 73854.8971163733
                    },
                    "end_period": 36,
                    "end_cause": "harvest",
                    "period_biomasses": [
                        {
                            "period": 31,
                            "biomass": 81863.1096278016
                        },
                        {
                            "period": 32,
                            "biomass": 98188.90207357929
                        },
                        {
                            "period": 33,
                            "biomass": 114751.99104604358
                        },
                        {
                            "period": 34,
                            "biomass": 130640.78429374562
                        },
                        {
                            "period": 35,
                            "biomass": 145053.54835010465
                        },
                        {
                            "period": 36,
                            "biomass": 157500.0
                        }
                    ]
                },
                {
                    "tank": 3,
                    "start_period": 24,
                    "start_cause": "pre_planning_deploy",
                    "end_period": 27,
                    "end_cause": "post_smolt",
                    "period_biomasses": [
                        {
                            "period": 24,
                            "biomass": 73078.0
                        },
                        {
                            "period": 25,
                            "biomass": 93838.60364980652
                        },
                        {
                            "period": 26,
                            "biomass": 121385.3748541502
                        },
                        {
                            "period": 27,
                            "biomass": 157498.05033294464
                        }
                    ]
                },
                {
                    "tank": 3,
                    "start_period": 31,
                    "start_cause": "transfer",
                    "transfer": {
                        "period": 30,
                        "from_tank": 1,
                        "biomass": 73853.03666376292
                    },
                    "end_period": 36,
                    "end_cause": "harvest",
                    "period_biomasses": [
                        {
                            "period": 31,
                            "biomass": 81861.04744314023
                        },
                        {
                            "period": 32,
                            "biomass": 98186.42863165052
                        },
                        {
                            "period": 33,
                            "biomass": 114749.10036919446
                        },
                        {
                            "period": 34,
                            "biomass": 130637.49336792146
                        },
                        {
                            "period": 35,
                            "biomass": 145049.8943574351
                        },
                        {
                            "period": 36,
                            "biomass": 157496.03247316595
                        }
                    ]
                }
            ]
        },
        {
            "deploy_period": 42,
            "module": 0,
            "tank_cycles": [
                {
                    "tank": 0,
                    "start_period": 42,
                    "start_cause": "deploy",
                    "end_period": 47,
                    "end_cause": "post_smolt",
                    "period_biomasses": [
                        {
                            "period": 42,
                            "biomass": 17880.544872280658
                        },
                        {
                            "period": 43,
                            "biomass": 31952.22596258828
                        },
                        {
                            "period": 44,
                            "biomass": 52910.08372015709
                        },
                        {
                            "period": 45,
                            "biomass": 79785.49085067079
                        },
                        {
                            "period": 46,
                            "biomass": 111133.61264587799
                        },
                        {
                            "period": 47,
                            "biomass": 144245.84617125112
                        }
                    ]
                },
                {
                    "tank": 1,
                    "start_period": 42,
                    "start_cause": "deploy",
                    "end_period": 48,
                    "end_cause": "post_smolt",
                    "period_biomasses": [
                        {
                            "period": 42,
                            "biomass": 15919.603231700406
                        },
                        {
                            "period": 43,
                            "biomass": 28448.056998677002
                        },
                        {
                            "period": 44,
                            "biomass": 47107.48726045482
                        },
                        {
                            "period": 45,
                            "biomass": 71035.49511839537
                        },
                        {
                            "period": 46,
                            "biomass": 98945.69945519783
                        },
                        {
                            "period": 47,
                            "biomass": 128426.54713655336
                        },
                        {
                            "period": 48,
                            "biomass": 157500.0
                        }
                    ]
                },
                {
                    "tank": 2,
                    "start_period": 42,
                    "start_cause": "deploy",
                    "end_period": 48,
                    "end_cause": "post_smolt",
                    "period_biomasses": [
                        {
                            "period": 42,
                            "biomass": 15739.108863915646
                        },
                        {
                            "period": 43,
                            "biomass": 28125.516669753706
                        },
                        {
                            "period": 44,
                            "biomass": 46573.38876520632
                        },
                        {
                            "period": 45,
                            "biomass": 70230.10401692991
                        },
                        {
                            "period": 46,
                            "biomass": 97823.86612755407
                        },
                        {
                            "period": 47,
                            "biomass": 126970.46383505288
                        },
                        {
                            "period": 48,
                            "biomass": 155714.28571351
                        }
                    ]
                },
                {
                    "tank": 3,
                    "start_period": 42,
                    "start_cause": "deploy",
                    "end_period": 47,
                    "end_cause": "post_smolt",
                    "period_biomasses": [
                        {
                            "period": 42,
                            "biomass": 19523.514140163035
                        },
                        {
                            "period": 43,
                            "biomass": 34888.18376879299
                        },
                        {
                            "period": 44,
                            "biomass": 57771.77233950474
                        },
                        {
                            "period": 45,
                            "biomass": 87116.64940466864
                        },
                        {
                            "period": 46,
                            "biomass": 121345.2203742857
                        },
                        {
                            "period": 47,
                            "biomass": 157500.0
                        }
                    ]
                }
            ]
        },
        {
            "deploy_period": 50,
            "module": 0,
            "tank_cycles": [
                {
                    "tank": 0,
                    "start_period": 50,
                    "start_cause": "deploy",
                    "end_period": 64,
                    "end_cause": "harvest",
                    "period_biomasses": [
                        {
                            "period": 50,
                            "biomass": 14799.341323584544
                        },
                        {
                            "period": 51,
                            "biomass": 23404.718910805055
                        },
                        {
                            "period": 52,
                            "biomass": 36878.92816853528
                        },
                        {
                            "period": 53,
                            "biomass": 58163.80528645503
                        },
                        {
                            "period": 54,
                            "biomass": 87409.49660931181
                        },
                        {
                            "period": 55,
                            "biomass": 124630.89184675986
                        },
                        {
                            "period": 56,
                            "biomass": 169690.3078566214
                        },
                        {
                            "period": 57,
                            "biomass": 218548.59986894258
                        },
                        {
                            "period": 58,
                            "biomass": 129763.01775853074
                        },
                        {
                            "period": 59,
                            "biomass": 152805.4371025857
                        },
                        {
                            "period": 60,
                            "biomass": 86891.04345124691
                        },
                        {
                            "period": 61,
                            "biomass": 97828.45099934333
                        },
                        {
                            "period": 62,
                            "biomass": 111280.00741744082
                        },
                        {
                            "period": 63,
                            "biomass": 127555.94111046859
                        },
                        {
                            "period": 64,
                            "biomass": 146314.00687250943
                        }
                    ]
                },
                {
                    "tank": 1,
                    "start_period": 50,
                    "start_cause": "deploy",
                    "end_period": 55,
                    "end_cause": "post_smolt",
                    "period_biomasses": [
                        {
                            "period": 50,
                            "biomass": 18702.395721641595
                        },
                        {
                            "period": 51,
                            "biomass": 29577.283559647203
                        },
                        {
                            "period": 52,
                            "biomass": 46605.06797682831
                        },
                        {
                            "period": 53,
                            "biomass": 73503.44041394911
                        },
                        {
                            "period": 54,
                            "biomass": 110462.14555587278
                        },
                        {
                            "period": 55,
                            "biomass": 157499.99999963932
                        }
                    ]
                },
                {
                    "tank": 1,
                    "start_period": 58,
                    "start_cause": "transfer",
                    "transfer": {
                        "period": 57,
                        "from_tank": 0,
                        "biomass": 112934.06668260152
                    },
                    "end_period": 65,
                    "end_cause": "harvest",
                    "period_biomasses": [
                        {
                            "period": 58,
                            "biomass": 125602.29674384103
                        },
                        {
                            "period": 59,
                            "biomass": 147905.88402271928
                        },
                        {
                            "period": 60,
                            "biomass": 81325.88315350511
                        },
                        {
                            "period": 61,
                            "biomass": 91562.77631220949
                        },
                        {
                            "period": 62,
                            "biomass": 104152.79321199251
                        },
                        {
                            "period": 63,
                            "biomass": 119386.2928819102
                        },
                        {
                            "period": 64,
                            "biomass": 136942.95009026147
                        },
                        {
                            "period": 65,
                            "biomass": 157500.0
                        }
                    ]
                },
                {
                    "tank": 2,
                    "start_period": 50,
                    "start_cause": "deploy",
                    "end_period": 56,
                    "end_cause": "post_smolt",
                    "period_biomasses": [
                        {
                            "period": 50,
                            "biomass": 13736.177910844579
                        },
                        {
                            "period": 51,
                            "biomass": 21723.357538878525
                        },
                        {
                            "period": 52,
                            "biomass": 34229.59896714921
                        },
                        {
                            "period": 53,
                            "biomass": 53985.40110114547
                        },
                        {
                            "period": 54,
                            "biomass": 81130.12398798155
                        },
                        {
                            "period": 55,
                            "biomass": 115677.58768196855
                        },
                        {
                            "period": 56,
                            "biomass": 157500.0
                        }
                    ]
                },
                {
                    "tank": 2,
                    "start_period": 60,
                    "start_cause": "transfer",
                    "transfer": {
                        "period": 59,
                        "from_tank": 0,
                        "biomass": 76306.7817539935
                    },
                    "end_period": 65,
                    "end_cause": "harvest",
                    "period_biomasses": [
                        {
                            "period": 60,
                            "biomass": 81325.88315323216
                        },
                        {
                            "period": 61,
                            "biomass": 91562.77631190218
                        },
                        {
                            "period": 62,
                            "biomass": 104152.79321164294
                        },
                        {
                            "period": 63,
                            "biomass": 119386.29288150951
                        },
                        {
                            "period": 64,
                            "biomass": 136942.95008980186
                        },
                        {
                            "period": 65,
                            "biomass": 157499.99999947142
                        }
                    ]
                },
                {
                    "tank": 3,
                    "start_period": 50,
                    "start_cause": "deploy",
                    "end_period": 55,
                    "end_cause": "post_smolt",
                    "period_biomasses": [
                        {
                            "period": 50,
                            "biomass": 18702.395721684406
                        },
                        {
                            "period": 51,
                            "biomass": 29577.28355971491
                        },
                        {
                            "period": 52,
                            "biomass": 46605.067976934995
                        },
                        {
                            "period": 53,
                            "biomass": 73503.44041411737
                        },
                        {
                            "period": 54,
                            "biomass": 110462.14555612564
                        },
                        {
                            "period": 55,
                            "biomass": 157500.00000000003
                        }
                    ]
                },
                {
                    "tank": 3,
                    "start_period": 60,
                    "start_cause": "transfer",
                    "transfer": {
                        "period": 59,
                        "from_tank": 1,
                        "biomass": 76306.7817542496
                    },
                    "end_period": 65,
                    "end_cause": "harvest",
                    "period_biomasses": [
                        {
                            "period": 60,
                            "biomass": 81325.88315350508
                        },
                        {
                            "period": 61,
                            "biomass": 91562.77631220948
                        },
                        {
                            "period": 62,
                            "biomass": 104152.79321199248
                        },
                        {
                            "period": 63,
                            "biomass": 119386.29288191017
                        },
                        {
                            "period": 64,
                            "biomass": 136942.95009026144
                        },
                        {
                            "period": 65,
                            "biomass": 157500.0
                        }
                    ]
                }
            ]
        },
        {
            "deploy_period": 68,
            "module": 0,
            "tank_cycles": [
                {
                    "tank": 0,
                    "start_period": 68,
                    "start_cause": "deploy",
                    "end_period": 82,
                    "end_cause": "harvest",
                    "period_biomasses": [
                        {
                            "period": 68,
                            "biomass": 14723.571079025387
                        },
                        {
                            "period": 69,
                            "biomass": 24756.780594881224
                        },
                        {
                            "period": 70,
                            "biomass": 38106.04439346409
                        },
                        {
                            "period": 71,
                            "biomass": 53812.3571506161
                        },
                        {
                            "period": 72,
                            "biomass": 70682.47254349045
                        },
                        {
                            "period": 73,
                            "biomass": 90762.53490786464
                        },
                        {
                            "period": 74,
                            "biomass": 117406.31141122866
                        },
                        {
                            "period": 75,
                            "biomass": 152335.1982581848
                        },
                        {
                            "period": 76,
                            "biomass": 195893.1758581671
                        },
                        {
                            "period": 77,
                            "biomass": 124010.98168082409
                        },
                        {
                            "period": 78,
                            "biomass": 154674.41080724212
                        },
                        {
                            "period": 79,
                            "biomass": 98693.83314010019
                        },
                        {
                            "period": 80,
                            "biomass": 118376.14233711477
                        },
                        {
                            "period": 81,
                            "biomass": 138344.53526483555
                        },
                        {
                            "period": 82,
                            "biomass": 157500.0
                        }
                    ]
                },
                {
                    "tank": 1,
                    "start_period": 68,
                    "start_cause": "deploy",
                    "end_period": 74,
                    "end_cause": "post_smolt",
                    "period_biomasses": [
                        {
                            "period": 68,
                            "biomass": 19751.59952708228
                        },
                        {
                            "period": 69,
                            "biomass": 33211.10165906189
                        },
                        {
                            "period": 70,
                            "biomass": 51119.0746036554
                        },
                        {
                            "period": 71,
                            "biomass": 72189.01734793323
                        },
                        {
                            "period": 72,
                            "biomass": 94820.19570998159
                        },
                        {
                            "period": 73,
                            "biomass": 121757.50243884682
                        },
                        {
                            "period": 74,
                            "biomass": 157500.0
                        }
                    ]
                },
                {
                    "tank": 1,
                    "start_period": 77,
                    "start_cause": "transfer",
                    "transfer": {
                        "period": 76,
                        "from_tank": 0,
                        "biomass": 99178.3105352991
                    },
                    "end_period": 84,
                    "end_cause": "harvest",
                    "period_biomasses": [
                        {
                            "period": 77,
                            "biomass": 112960.76798270167
                        },
                        {
                            "period": 78,
                            "biomass": 140891.87905170518
                        },
                        {
                            "period": 79,
                            "biomass": 81863.10962779968
                        },
                        {
                            "period": 80,
                            "biomass": 98188.902073577
                        },
                        {
                            "period": 81,
                            "biomass": 114751.9910460409
                        },
                        {
                            "period": 82,
                            "biomass": 130640.78429374257
                        },
                        {
                            "period": 83,
                            "biomass": 145053.54835010128
                        },
                        {
                            "period": 84,
                            "biomass": 157499.99999999633
                        }
                    ]
                },
                {
                    "tank": 2,
                    "start_period": 68,
                    "start_cause": "deploy",
                    "end_period": 74,
                    "end_cause": "post_smolt",
                    "period_biomasses": [
                        {
                            "period": 68,
                            "biomass": 19751.595418316378
                        },
                        {
                            "period": 69,
                            "biomass": 33211.09475042435
                        },
                        {
                            "period": 70,
                            "biomass": 51119.06396976672
                        },
                        {
                            "period": 71,
                            "biomass": 72189.00233103435
                        },
                        {
                            "period": 72,
                            "biomass": 94820.17598530126
                        },
                        {
                            "period": 73,
                            "biomass": 121757.47711061589
                        },
                        {
                            "period": 74,
                            "biomass": 157499.96723654566
                        }
                    ]
                },
                {
                    "tank": 2,
                    "start_period": 79,
                    "start_cause": "transfer",
                    "transfer": {
                        "period": 78,
                        "from_tank": 0,
                        "biomass": 73854.89711638146
                    },
                    "end_period": 84,
                    "end_cause": "harvest",
                    "period_biomasses": [
                        {
                            "period": 79,
                            "biomass": 81863.10962781019
                        },
                        {
                            "period": 80,
                            "biomass": 98188.90207358959
                        },
                        {
                            "period": 81,
                            "biomass": 114751.99104605561
                        },
                        {
                            "period": 82,
                            "biomass": 130640.78429375932
                        },
                        {
                            "period": 83,
                            "biomass": 145053.5483500305
                        },
                        {
                            "period": 84,
                            "biomass": 157499.9999999195
                        }
                    ]
                },
                {
                    "tank": 3,
                    "start_period": 68,
                    "start_cause": "deploy",
                    "end_period": 75,
                    "end_cause": "post_smolt",
                    "period_biomasses": [
                        {
                            "period": 68,
                            "biomass": 15222.766382051837
                        },
                        {
                            "period": 69,
                            "biomass": 25596.146841336642
                        },
                        {
                            "period": 70,
                            "biomass": 39398.01074293438
                        },
                        {
                            "period": 71,
                            "biomass": 55636.83816749639
                        },
                        {
                            "period": 72,
                            "biomass": 73078.92637324586
                        },
                        {
                            "period": 73,
                            "biomass": 93839.79319483855
                        },
                        {
                            "period": 74,
                            "biomass": 121386.91359581942
                        },
                        {
                            "period": 75,
                            "biomass": 157499.84249997395
                        }
                    ]
                },
                {
                    "tank": 3,
                    "start_period": 79,
                    "start_cause": "transfer",
                    "transfer": {
                        "period": 78,
                        "from_tank": 1,
                        "biomass": 73854.8971163829
                    },
                    "end_period": 84,
                    "end_cause": "harvest",
                    "period_biomasses": [
                        {
                            "period": 79,
                            "biomass": 81863.10962781243
                        },
                        {
                            "period": 80,
                            "biomass": 98188.90207359228
                        },
                        {
                            "period": 81,
                            "biomass": 114751.99104605876
                        },
                        {
                            "period": 82,
                            "biomass": 130640.7842937629
                        },
                        {
                            "period": 83,
                            "biomass": 145053.54835012386
                        },
                        {
                            "period": 84,
                            "biomass": 157500.0
                        }
                    ]
                }
            ]
        }
    ]
}